country,iso_code,total_reported_cases,total_reported_deaths,peak_weekly_cases_per_million,peak_cases_date,peak_weekly_deaths_per_million,peak_deaths_date,max_cases_4w_avg_per_million,max_deaths_4w_avg_per_million,first_observation_date,last_observation_date,observed_week_rows,expected_week_rows,row_coverage_pct
Aruba,ABW,44277,292,51348.895,2022-01-09,408.19357,2022-12-11,34023.861,106.686956,2020-01-12,2025-12-28,312,313,99.680511
Afghanistan,AFG,235214,7998,303.4586,2021-06-27,14.662812,2021-06-20,280.466327,13.535377,2020-01-12,2025-12-28,312,313,99.680511
Angola,AGO,107487,1937,315.869,2022-01-02,2.778165,2021-09-26,194.022582,2.21692,2020-01-12,2025-12-28,312,313,99.680511
Anguilla,AIA,3904,12,18518.518,2022-01-16,140.82524,2021-11-14,11442.050125,52.809465,2020-01-12,2025-12-28,312,313,99.680511
Albania,ALB,337234,3608,5448.056,2022-01-23,49.865364,2021-03-07,4110.0023,43.057503,2020-01-12,2025-12-28,312,313,99.680511
Andorra,AND,48015,159,43651.69,2022-01-16,137.97948,2020-04-05,37053.76275,106.620506,2020-01-12,2025-12-28,312,313,99.680511
United Arab Emirates,ARE,1067030,2349,2566.372,2021-01-31,10.447092,2021-02-21,2338.317775,9.666001,2020-01-12,2025-12-28,312,313,99.680511
Argentina,ARG,10118476,130829,16972.53,2022-01-16,99.45405,2021-05-23,14196.284,90.700069,2020-01-12,2025-12-28,312,313,99.680511
Armenia,ARM,454885,8785,8165.5605,2022-02-06,120.10219,2021-11-14,5532.4242,109.775486,2020-01-12,2025-12-28,312,313,99.680511
American Samoa,ASM,8359,34,38891.76,2022-03-27,144.73276,2022-04-17,25054.2745,108.549575,2020-01-12,2025-12-28,312,313,99.680511
Antigua and Barbuda,ATG,9114,146,6752.827,2022-01-30,215.40118,2021-10-03,5780.8293,115.778133,2020-01-12,2025-12-28,312,313,99.680511
Australia,AUS,11861161,25312,22472.932,2022-01-09,44.311306,2023-02-05,16113.05725,22.460986,2020-01-12,2025-12-28,312,313,99.680511
Austria,AUT,6083679,22534,35203.457,2022-03-20,105.57463,2020-12-06,29708.309,93.191396,2020-01-12,2025-12-28,312,313,99.680511
Azerbaijan,AZE,836510,10353,4579.5625,2022-02-13,28.45957,2020-12-20,3391.715275,27.318273,2020-01-12,2025-12-28,312,313,99.680511
Burundi,BDI,54674,15,381.12463,2022-01-02,0.225207,2021-03-21,275.014792,0.075069,2020-01-12,2025-12-28,312,313,99.680511
Belgium,BEL,4905568,34339,28891.373,2022-01-30,166.4689,2020-04-12,22834.97225,137.435625,2020-01-12,2025-12-28,312,313,99.680511
Benin,BEN,28036,163,323.70346,2021-09-05,0.654093,2021-02-21,204.713005,0.508739,2020-01-12,2025-12-28,312,313,99.680511
Bonaire Sint Eustatius and Saba,BES,11922,42,36330.008,2022-01-16,139.59657,2021-03-28,29882.38975,69.798285,2020-01-12,2025-12-28,312,313,99.680511
Burkina Faso,BFA,22217,400,89.03091,2022-01-09,1.377225,2021-11-21,45.004144,0.721932,2020-01-12,2025-12-28,312,313,99.680511
Bangladesh,BGD,2052277,29416,591.52856,2022-01-30,10.248848,2021-08-08,490.75509,9.270307,2020-01-12,2025-12-28,312,313,99.680511
Bulgaria,BGR,1340789,38774,9058.343,2022-01-30,173.75095,2021-11-14,7949.765,151.885578,2020-01-12,2025-12-28,312,313,99.680511
Bahrain,BHR,696614,1536,33486.363,2022-02-06,99.122246,2021-06-06,26240.82125,79.558644,2020-01-12,2025-12-28,312,313,99.680511
Bahamas,BHS,39127,836,7878.413,2022-01-16,176.08203,2021-09-05,5210.141375,108.793537,2020-01-12,2025-12-28,312,313,99.680511
Bosnia and Herzegovina,BIH,404289,16419,5382.548,2022-01-23,173.17763,2021-04-11,4325.1503,156.171893,2020-01-12,2025-12-28,312,313,99.680511
Saint Barthelemy,BLM,5507,5,45853.125,2022-01-16,182.68176,2021-10-03,34070.15075,45.67044,2020-01-12,2025-12-28,312,313,99.680511
Belarus,BLR,994079,7118,5883.3086,2022-02-13,15.261784,2022-07-03,4762.0034,12.400199,2020-01-12,2025-12-28,312,313,99.680511
Belize,BLZ,71541,689,12765.027,2022-01-23,84.4215,2020-11-29,11013.281075,67.040605,2020-01-12,2025-12-28,312,313,99.680511
Bermuda,BMU,18860,165,20842.34,2022-01-16,355.0917,2021-10-03,15948.24925,220.00247,2020-01-12,2025-12-28,312,313,99.680511
Bolivia,BOL,1212180,22389,6559.3257,2022-01-23,157.90141,2020-09-13,5009.54025,68.538487,2020-01-12,2025-12-28,312,313,99.680511
Brazil,BRA,37943880,703680,6100.7363,2022-01-30,100.30127,2021-04-04,5180.900025,94.271973,2020-01-12,2025-12-28,312,313,99.680511
Barbados,BRB,109141,593,15135.093,2022-02-06,159.39134,2022-04-03,14335.47975,73.497116,2020-01-12,2025-12-28,312,313,99.680511
Brunei,BRN,350550,182,64566.707,2022-03-06,24.155968,2022-03-06,49265.54825,15.37198,2020-01-12,2025-12-28,312,313,99.680511
Bhutan,BTN,62954,21,13810.616,2022-04-10,5.122157,2022-04-17,10465.52715,3.521483,2020-01-12,2025-12-28,312,313,99.680511
Botswana,BWA,330699,2801,17144.18,2022-02-27,86.47913,2021-08-15,5271.333312,73.261349,2020-01-12,2025-12-28,312,313,99.680511
Central African Republic,CAF,15492,113,240.68083,2021-04-18,4.315386,2020-06-28,162.5135,2.25577,2020-01-12,2025-12-28,312,313,99.680511
Canada,CAN,4819059,55613,7568.868,2022-01-09,30.241163,2020-05-10,5990.905625,27.304627,2020-01-12,2025-12-28,312,313,99.680511
Switzerland,CHE,4489295,14170,28296.623,2022-01-30,72.223274,2020-11-15,24792.5145,71.370239,2020-01-12,2025-12-28,312,313,99.680511
Chile,CHL,5410374,66400,12678.34,2022-02-13,606.45325,2022-03-27,11609.682,181.915517,2020-01-12,2025-12-28,312,313,99.680511
China,CHN,99381760,122490,28400.266,2022-12-25,33.460346,2023-02-05,14784.21865,8.760651,2020-01-12,2025-12-28,312,313,99.680511
Cameroon,CMR,125324,1974,314.15598,2021-03-21,4.813126,2021-03-21,205.761131,2.994633,2020-01-12,2025-12-28,312,313,99.680511
Democratic Republic of Congo,COD,101010,1474,67.3848,2021-12-19,2.08014,2020-04-19,50.702181,0.559099,2020-01-12,2025-12-28,312,313,99.680511
Congo,COG,25296,389,196.84831,2022-01-02,5.136614,2021-11-07,168.389803,4.142431,2020-01-12,2025-12-28,312,313,99.680511
Cook Islands,COK,7369,2,70455.01,2022-04-24,67.8104,2022-04-24,56486.066,16.9526,2020-01-12,2025-12-28,312,313,99.680511
Colombia,COL,6402531,142802,4062.0283,2022-01-23,88.4264,2021-06-27,3765.398975,82.70526,2020-01-12,2025-12-28,312,313,99.680511
Comoros,COM,9109,161,1476.88,2022-01-02,34.76422,2021-01-24,922.450625,26.97224,2020-01-12,2025-12-28,312,313,99.680511
Cape Verde,CPV,64550,417,14212.603,2022-01-09,36.556038,2021-05-02,7812.890975,26.936027,2020-01-12,2025-12-28,312,313,99.680511
Costa Rica,CRI,1241655,9394,7771.1206,2022-02-06,47.227695,2021-09-26,7242.121075,42.209751,2020-01-12,2025-12-28,312,313,99.680511
Cuba,CUB,1113832,8530,5851.7217,2021-08-22,54.431255,2021-09-12,5642.8575,52.193426,2020-01-12,2025-12-28,312,313,99.680511
Curacao,CUW,45884,305,32052.873,2022-01-16,118.69436,2021-04-11,22940.38325,97.113569,2020-01-12,2025-12-28,312,313,99.680511
Cayman Islands,CYM,31472,37,29967.88,2022-02-06,55.85812,2022-03-13,19773.77365,27.92906,2020-01-12,2025-12-28,312,313,99.680511
Cyprus,CYP,718053,1364,33907.715,2022-03-27,45.72639,2022-02-20,28031.607,34.294793,2020-01-12,2025-12-28,312,313,99.680511
Czechia,CZE,4882317,43960,26849.639,2022-02-06,145.41072,2020-11-08,21786.3805,132.574845,2020-01-12,2025-12-28,312,313,99.680511
Germany,DEU,38437755,174976,18895.973,2022-03-27,76.8259,2020-12-20,17483.14275,70.445544,2020-01-12,2023-07-09,183,313,58.466454
Djibouti,DJI,15690,189,1108.0809,2021-04-04,18.468016,2021-04-11,856.124462,16.049585,2020-01-12,2025-12-28,312,313,99.680511
Dominica,DMA,16047,74,14480.829,2022-02-06,104.71674,2021-09-26,9746.1365,74.797674,2020-01-12,2025-12-28,312,313,99.680511
Denmark,DNK,3452309,10012,54641.945,2022-02-13,50.48365,2022-03-13,50676.18375,46.460206,2020-01-12,2025-12-28,312,313,99.680511
Dominican Republic,DOM,661103,4384,3865.2861,2022-01-16,14.869909,2020-09-06,2958.488775,12.265449,2020-01-12,2025-12-28,312,313,99.680511
Algeria,DZA,272437,6881,324.86472,2022-01-30,5.84906,2021-08-08,197.108931,5.178397,2020-01-12,2025-12-28,312,313,99.680511
Ecuador,ECU,1088571,36064,3462.8784,2022-01-23,497.30978,2021-07-25,2805.7271,140.555655,2020-01-12,2025-12-28,312,313,99.680511
Egypt,EGY,516023,24830,140.93631,2022-02-06,5.523083,2020-06-21,131.526195,5.072446,2020-01-12,2025-12-28,312,313,99.680511
Eritrea,ERI,10189,103,168.0623,2022-01-16,1.759815,2021-11-21,126.046725,1.539838,2020-01-12,2025-12-28,312,313,99.680511
Spain,ESP,13980340,121852,19998.709,2022-01-16,122.12413,2020-04-05,18241.11825,103.735468,2020-01-12,2023-07-09,183,313,58.466454
Estonia,EST,616336,3396,35576.066,2022-02-06,63.699314,2021-04-11,30794.54475,51.107591,2020-01-12,2025-12-28,312,313,99.680511
Ethiopia,ETH,501324,7574,228.01901,2022-01-02,2.440497,2021-10-03,160.444752,2.157367,2020-01-12,2025-12-28,312,313,99.680511
Finland,FIN,1515881,11466,11033.344,2022-01-02,45.786724,2022-03-13,10045.203,39.232938,2020-01-12,2025-12-28,312,313,99.680511
Fiji,FJI,69054,885,7911.4404,2021-08-01,95.711685,2021-07-25,7196.59385,74.230935,2020-01-12,2025-12-28,312,313,99.680511
Falkland Islands,FLK,1923,0,208819.34,2022-05-15,0,2020-01-12,105405.405,0,2020-01-12,2025-12-28,312,313,99.680511
France,FRA,38997490,167985,37603.305,2022-01-23,87.15348,2020-11-22,32805.249,79.973662,2020-01-12,2023-06-25,181,313,57.827476
Faroe Islands,FRO,34658,28,92026.13,2022-02-06,92.52577,2021-11-21,86331.17,50.889173,2020-01-12,2025-12-28,312,313,99.680511
Micronesia (country),FSM,31737,65,56786.36,2022-10-09,160.53941,2022-10-09,26642.85395,53.513137,2020-01-12,2025-12-28,312,313,99.680511
Gabon,GAB,49069,307,1204.5665,2022-01-02,6.170935,2021-10-31,762.007612,5.450993,2020-01-12,2025-12-28,312,313,99.680511
United Kingdom,GBR,25105505,232112,19365.58,2022-01-09,142.60924,2021-01-24,15612.1545,123.732542,2020-01-12,2025-12-28,312,313,99.680511
Georgia,GEO,1864337,17151,40010.203,2022-02-06,146.25346,2021-09-05,32771.843,125.764798,2020-01-12,2025-12-28,312,313,99.680511
Guernsey,GGY,35326,67,46054.902,2022-03-27,78.43137,2020-04-12,29796.0785,62.745098,2020-01-12,2025-12-28,312,313,99.680511
Ghana,GHA,172784,1463,219.0403,2021-12-26,9.080172,2020-09-27,157.537972,2.353001,2020-01-12,2025-12-28,312,313,99.680511
Gibraltar,GIB,20550,113,27902.527,2022-01-30,770.64124,2021-01-24,26294.81025,451.755208,2020-01-12,2025-12-28,312,313,99.680511
Guinea,GIN,38593,468,128.49396,2022-01-09,2.419045,2021-08-01,85.164599,2.063303,2020-01-12,2025-12-28,312,313,99.680511
Guadeloupe,GLP,203235,1025,44421.395,2022-01-23,296.33325,2021-08-29,33802.137,233.947317,2020-01-12,2025-12-28,312,313,99.680511
Gambia,GMB,12627,372,365.26083,2021-08-01,43.618896,2020-10-04,235.06792,11.284019,2020-01-12,2025-12-28,312,313,99.680511
Guinea-Bissau,GNB,9614,177,204.22363,2022-01-23,6.649141,2021-08-29,154.948743,4.986856,2020-01-12,2025-12-28,312,313,99.680511
Equatorial Guinea,GNQ,17228,183,643.7308,2022-01-09,23.287418,2020-08-02,359.430207,5.821854,2020-01-12,2025-12-28,312,313,99.680511
Greece,GRC,5845925,40182,23176.129,2022-01-09,70.30025,2022-01-30,17307.06675,65.690397,2020-01-12,2025-12-28,312,313,99.680511
Grenada,GRD,19693,238,15958.539,2022-01-16,487.47946,2021-09-26,12715.08975,322.848237,2020-01-12,2025-12-28,312,313,99.680511
Greenland,GRL,11971,21,54397.113,2022-01-16,107.11608,2022-02-27,35754.45475,62.48438,2020-01-12,2025-12-28,312,313,99.680511
Guatemala,GTM,1255195,20207,2142.4956,2022-07-17,25.885431,2021-09-12,1714.909825,22.271556,2020-01-12,2025-12-28,312,313,99.680511
French Guiana,GUF,98041,413,37862.152,2022-01-16,70.39445,2021-09-26,22044.354425,50.281746,2020-01-12,2025-12-28,312,313,99.680511
Guam,GUM,52293,419,35733.96,2022-02-13,102.90993,2021-09-12,24475.91625,71.128921,2020-01-12,2025-12-28,312,313,99.680511
Guyana,GUY,75520,1312,7998.6562,2022-01-23,52.334484,2021-09-26,5904.668425,50.508863,2020-01-12,2025-12-28,312,313,99.680511
Honduras,HND,473061,11116,1012.5307,2021-08-22,33.63953,2021-05-16,960.327315,24.799596,2020-01-12,2025-12-28,312,313,99.680511
Croatia,HRV,1370664,18802,15238.425,2022-01-30,137.95642,2020-12-20,14123.76825,125.28695,2020-01-12,2025-12-28,312,313,99.680511
Haiti,HTI,34901,860,116.485245,2020-06-07,3.564101,2021-07-11,90.580315,3.194651,2020-01-12,2025-12-28,312,313,99.680511
Hungary,HUN,2240190,49124,11202.452,2022-02-06,182.46011,2021-04-18,9525.125425,178.691135,2020-01-12,2025-12-28,312,313,99.680511
Indonesia,IDN,6830274,162063,1397.72,2022-02-20,44.62926,2021-08-01,1104.83331,39.455866,2020-01-12,2025-12-28,312,313,99.680511
Isle of Man,IMN,38008,116,31397.062,2022-07-03,166.37354,2020-04-26,20493.65425,80.215811,2020-01-12,2025-12-28,312,313,99.680511
India,IND,45056955,533849,1921.5044,2021-05-09,20.332207,2021-05-23,1735.61925,19.367932,2020-01-12,2025-12-28,312,313,99.680511
Ireland,IRL,1749902,9764,28881.129,2022-01-16,88.45375,2021-01-31,21662.11825,75.684708,2020-01-12,2025-12-28,312,313,99.680511
Iran,IRN,7627863,146837,3015.6636,2021-08-15,50.79071,2021-08-29,2860.789225,46.400838,2020-01-12,2025-12-28,312,313,99.680511
Iraq,IRQ,2465545,25375,1885.5673,2021-08-01,16.065147,2020-07-05,1620.91785,15.191548,2020-01-12,2025-12-28,312,313,99.680511
Iceland,ISL,211172,186,51634.207,2022-03-13,181.40327,2022-11-13,44182.86975,45.350817,2020-01-12,2025-12-28,312,313,99.680511
Israel,ISR,4841677,12707,54347.492,2022-01-23,48.2251,2022-02-13,45612.104,40.398135,2020-01-12,2025-12-28,312,313,99.680511
Italy,ITA,26969577,198523,21270.916,2022-01-16,89.55183,2020-04-05,19097.65275,81.152676,2020-01-12,2025-12-28,312,313,99.680511
Jamaica,JAM,157664,3635,3238.2932,2022-01-16,39.448425,2021-08-29,2552.964825,36.894844,2020-01-12,2025-12-28,312,313,99.680511
Jersey,JEY,66391,161,34156.9,2022-01-09,125.61236,2021-01-10,25665.98725,62.80618,2020-01-12,2025-12-28,312,313,99.680511
Jordan,JOR,1746997,14122,12132.528,2022-02-13,60.76614,2021-03-28,9477.4964,53.814457,2020-01-12,2025-12-28,312,313,99.680511
Japan,JPN,33803572,74708,11975.976,2022-08-07,87.8497,2023-02-05,11495.70625,27.544533,2020-01-12,2025-12-28,312,313,99.680511
Kazakhstan,KAZ,1504370,19072,4854.499,2022-01-23,114.352104,2021-03-28,3472.77765,47.704942,2020-01-12,2025-12-28,312,313,99.680511
Kenya,KEN,344163,5689,350.6385,2021-12-26,4.184142,2021-08-29,253.394051,3.51597,2020-01-12,2025-12-28,312,313,99.680511
Kyrgyzstan,KGZ,88953,1024,1455.4777,2021-07-04,11.932502,2021-08-01,1300.1395,10.710498,2020-01-12,2025-12-28,312,313,99.680511
Cambodia,KHM,139326,3056,387.63562,2021-07-11,11.859279,2021-07-18,367.317893,10.798338,2020-01-12,2025-12-28,312,313,99.680511
Kiribati,KIR,5085,24,11426.776,2023-01-15,61.31067,2022-02-20,5314.8687,21.075543,2020-01-12,2025-12-28,312,313,99.680511
Saint Kitts and Nevis,KNA,6607,46,21676.795,2022-01-09,106.993065,2022-01-30,12807.069825,64.195838,2020-01-12,2025-12-28,312,313,99.680511
South Korea,KOR,34571873,35941,52456.855,2022-03-20,46.907726,2022-03-27,45064.902,43.856502,2020-01-12,2025-12-28,312,313,99.680511
Kuwait,KWT,667290,2570,8923.603,2022-01-30,24.185568,2021-07-18,7825.828625,19.60992,2020-01-12,2025-12-28,312,313,99.680511
Laos,LAO,219060,671,2059.3972,2022-04-03,7.672965,2022-01-16,1625.114025,7.342233,2020-01-12,2025-12-28,312,313,99.680511
Lebanon,LBN,1239904,10947,10062.335,2022-02-06,92.43637,2021-02-07,8591.403675,78.553509,2020-01-12,2025-12-28,312,313,99.680511
Liberia,LBR,8092,295,212.53246,2021-07-04,7.258113,2021-06-27,122.87614,6.001901,2020-01-12,2025-12-28,312,313,99.680511
Libya,LBY,507269,6437,3645.3093,2022-02-06,24.91762,2021-08-08,2734.328025,23.291053,2020-01-12,2025-12-28,312,313,99.680511
Saint Lucia,LCA,30253,410,12947.861,2022-01-16,184.56995,2021-09-26,9590.64595,127.241409,2020-01-12,2025-12-28,312,313,99.680511
Liechtenstein,LIE,21647,89,29208.398,2022-03-20,330.46927,2020-12-27,26234.17575,184.300167,2020-01-12,2025-12-28,312,313,99.680511
Sri Lanka,LKA,672812,16913,1818.2205,2021-08-29,61.70362,2021-08-29,1453.6151,57.554282,2020-01-12,2025-12-28,312,313,99.680511
Lesotho,LSO,36140,709,1160.923,2021-12-26,24.058313,2021-02-21,882.721387,21.761839,2020-01-12,2025-12-28,312,313,99.680511
Lithuania,LTU,1446114,9910,31346.969,2022-02-06,115.72911,2021-01-03,26124.6045,104.014201,2020-01-12,2025-12-28,312,313,99.680511
Luxembourg,LUX,400953,1000,28183.955,2022-01-23,50.511623,2021-03-07,24054.24675,40.179699,2020-01-12,2025-12-28,312,313,99.680511
Latvia,LVA,977788,7679,36424.695,2022-02-13,140.8781,2021-11-07,34623.44875,129.847075,2020-01-12,2025-12-28,312,313,99.680511
Saint Martin (French part),MAF,12324,46,79414.516,2022-01-16,242.22292,2021-06-06,44863.14425,103.809822,2020-01-12,2025-12-28,312,313,99.680511
Morocco,MAR,1279115,16305,1735.484,2021-08-15,19.93085,2021-08-22,1547.8956,18.336917,2020-01-12,2025-12-28,312,313,99.680511
Monaco,MCO,17181,67,24364.57,2022-01-23,205.39153,2021-02-07,22471.1165,96.277277,2020-01-12,2025-12-28,312,313,99.680511
Moldova,MDA,656448,12290,10278.337,2022-01-30,157.56651,2021-04-04,7943.786775,110.526826,2020-01-12,2025-12-28,312,313,99.680511
Madagascar,MDG,68744,1428,136.0832,2021-04-18,2.201249,2021-04-04,99.885795,1.823423,2020-01-12,2025-12-28,312,313,99.680511
Maldives,MDV,186694,316,35612.344,2022-01-30,61.055187,2021-05-23,26463.60725,48.176357,2020-01-12,2025-12-28,312,313,99.680511
Mexico,MEX,7629738,335090,3163.091,2022-01-23,76.79621,2021-01-24,2509.714825,70.772331,2020-01-12,2025-12-28,312,313,99.680511
Marshall Islands,MHL,16297,17,226617.45,2022-08-21,224.47249,2022-08-21,93499.02775,106.000898,2020-01-12,2025-12-28,312,313,99.680511
North Macedonia,MKD,352093,9991,6456.2373,2022-01-30,176.06438,2021-04-11,6045.827825,151.61099,2020-01-12,2025-12-28,312,313,99.680511
Mali,MLI,33199,743,165.5207,2022-01-09,1.430265,2021-04-25,103.867602,1.224394,2020-01-12,2025-12-28,312,313,99.680511
Malta,MLT,125272,1103,15369.353,2022-01-02,49.22434,2020-11-29,10277.947125,40.23143,2020-01-12,2025-12-28,312,313,99.680511
Myanmar,MMR,643401,19494,744.16644,2021-07-25,48.73803,2021-08-01,638.537922,38.427704,2020-01-12,2025-12-28,312,313,99.680511
Montenegro,MNE,251280,2654,27773.574,2022-01-09,113.88614,2021-03-21,12989.12065,101.277313,2020-01-12,2025-12-28,312,313,99.680511
Mongolia,MNG,1011489,2136,15887.998,2021-10-31,36.030556,2021-10-03,14103.96925,32.560399,2020-01-12,2025-12-28,312,313,99.680511
Northern Mariana Islands,MNP,14985,41,30975.467,2022-02-13,130.14902,2022-01-02,25216.3725,75.920262,2020-01-12,2025-12-28,312,313,99.680511
Mozambique,MOZ,233932,2252,822.5074,2022-01-02,5.420097,2021-08-01,454.997242,4.884212,2020-01-12,2025-12-28,312,313,99.680511
Mauritania,MRT,64061,997,1289.6758,2022-01-16,30.560066,2020-04-05,857.271393,7.640016,2020-01-12,2025-12-28,312,313,99.680511
Montserrat,MSR,1403,8,65907.06,2022-05-15,893.655,2022-06-05,41443.25375,335.120625,2020-01-12,2025-12-28,312,313,99.680511
Martinique,MTQ,230354,1104,39163.055,2022-03-13,380.58502,2021-08-29,32034.24075,239.654102,2020-01-12,2025-12-28,312,313,99.680511
Mauritius,MUS,332124,1074,15427.063,2022-02-20,98.73571,2021-12-05,12748.66125,78.165772,2020-01-12,2025-12-28,312,313,99.680511
Malawi,MWI,89262,2686,323.598,2021-01-24,9.383175,2021-01-24,225.718835,7.657254,2020-01-12,2025-12-28,312,313,99.680511
Malaysia,MYS,5329836,37351,5850.068,2022-03-06,78.74221,2021-09-19,5644.364075,67.37186,2020-01-12,2025-12-28,312,313,99.680511
Mayotte,MYT,42902,187,29762.938,2022-01-16,75.34092,2021-03-07,11794.94815,49.954304,2020-01-12,2025-12-28,312,313,99.680511
Namibia,NAM,172557,4110,4141.306,2021-06-27,177.52904,2021-07-18,3615.467175,121.29421,2020-01-12,2025-12-28,312,313,99.680511
New Caledonia,NCL,80204,314,32260.648,2022-02-13,233.34378,2021-10-03,29920.245,190.680183,2020-01-12,2025-12-28,312,313,99.680511
Niger,NER,9575,315,20.662155,2022-01-09,2.251898,2020-04-05,16.276879,0.572851,2020-01-12,2025-12-28,312,313,99.680511
Nigeria,NGA,267230,3155,56.154823,2021-12-26,0.721485,2021-09-05,46.374448,0.441406,2020-01-12,2025-12-28,312,313,99.680511
Nicaragua,NIC,16803,245,90.03572,2020-05-31,2.674328,2020-05-31,74.546904,1.745742,2020-01-12,2025-12-28,312,313,99.680511
Niue,NIU,1092,0,84056.4,2023-01-08,0,2020-01-12,61144.25225,0,2020-01-12,2025-12-28,312,313,99.680511
Netherlands,NLD,8656308,22986,34980.3,2022-02-06,66.18477,2020-04-05,29971.22875,54.567528,2020-01-12,2025-12-28,312,313,99.680511
Norway,NOR,1548652,5732,25983.014,2022-02-13,37.201317,2022-03-27,23963.46725,32.98639,2020-01-12,2025-12-28,312,313,99.680511
Nepal,NPL,1003968,12034,2031.032,2021-05-16,45.262672,2021-05-23,1860.09395,35.150083,2020-01-12,2025-12-28,312,313,99.680511
Nauru,NRU,5393,1,173828.45,2022-06-26,84.58806,2022-07-03,91608.86375,21.147015,2020-01-12,2025-12-28,312,313,99.680511
New Zealand,NZL,2668236,4538,27434.602,2022-03-06,45.98838,2022-07-24,24872.6995,29.327336,2020-01-12,2025-12-28,312,313,99.680511
Oman,OMN,399449,4628,3162.6377,2022-02-06,66.17016,2021-07-04,2824.49335,55.811251,2020-01-12,2025-12-28,312,313,99.680511
Pakistan,PAK,1580631,30656,205.14511,2022-01-30,3.931052,2021-05-02,164.619985,3.557643,2020-01-12,2025-12-28,312,313,99.680511
Panama,PAN,1045652,8830,15500.451,2022-01-23,74.07786,2021-01-17,11590.799,69.533208,2020-01-12,2025-12-28,312,313,99.680511
Pitcairn,PCN,4,0,88888.89,2022-07-24,0,2020-01-12,22222.2225,0,2020-01-12,2025-12-28,312,313,99.680511
Peru,PER,4533430,221067,9760.291,2022-01-23,171.08067,2021-04-25,7384.070875,164.785005,2020-01-12,2025-12-28,312,313,99.680511
Philippines,PHL,4205462,66869,2105.4216,2022-01-16,14.41679,2021-09-19,1522.2327,11.584764,2020-01-12,2025-12-28,312,313,99.680511
Palau,PLW,6374,10,57861,2022-02-06,337.38193,2022-02-13,42369.547,84.345483,2020-01-12,2025-12-28,312,313,99.680511
Papua New Guinea,PNG,46864,700,297.7504,2021-10-24,9.408834,2021-05-02,215.153572,4.753421,2020-01-12,2025-12-28,312,313,99.680511
Poland,POL,6834256,121182,8711.101,2022-01-30,98.291725,2020-11-29,7077.64255,88.066573,2020-01-12,2025-12-28,312,313,99.680511
Puerto Rico,PRI,1252713,5938,22390.197,2022-01-02,55.538895,2022-01-23,18157.593,44.508252,2020-01-12,2025-12-28,312,313,99.680511
North Korea,PRK,0,0,0,2020-01-12,0,2020-01-12,0,0,2020-01-12,2025-12-28,312,313,99.680511
Portugal,PRT,5671586,29623,38907.855,2022-01-30,193.33644,2021-01-31,32272.3305,153.785988,2020-01-12,2025-12-28,312,313,99.680511
Paraguay,PRY,735759,19880,5427.1455,2022-01-30,140.81882,2021-06-13,4714.139225,130.0947,2020-01-12,2025-12-28,312,313,99.680511
Palestine,PSE,703228,5708,10941.1875,2022-02-06,32.79755,2020-12-27,7010.80645,31.713725,2020-01-12,2025-12-28,312,313,99.680511
French Polynesia,PYF,79551,650,28681.684,2021-08-22,456.51025,2021-08-29,17948.34325,323.658645,2020-01-12,2025-12-28,312,313,99.680511
Qatar,QAT,514524,690,9769.864,2022-01-16,16.249111,2021-05-02,7322.471625,14.779776,2020-01-12,2025-12-28,312,313,99.680511
Reunion,REU,494595,925,53828.668,2022-01-30,43.600834,2022-01-30,44338.31675,40.44551,2020-01-12,2025-12-28,312,313,99.680511
Romania,ROU,3603340,69090,10903.607,2022-02-06,164.76428,2021-11-07,8537.1035,148.094808,2020-01-12,2025-12-28,312,313,99.680511
Russia,RUS,24901467,404290,9090.4795,2022-02-13,59.822823,2021-11-21,7820.635625,59.183999,2020-01-12,2025-12-28,312,313,99.680511
Rwanda,RWA,133274,1468,736.941,2021-07-25,6.519657,2021-07-25,541.919013,6.281579,2020-01-12,2025-12-28,312,313,99.680511
Saudi Arabia,SAU,841469,9646,1176.8636,2022-01-23,10.784653,2020-07-05,1012.762865,9.704634,2020-01-12,2025-12-28,312,313,99.680511
Sudan,SDN,63993,5046,75.41004,2022-01-16,19.379004,2022-03-06,54.097187,6.241983,2020-01-12,2025-12-28,312,313,99.680511
Senegal,SEN,89437,1972,351.19626,2021-07-25,8.384747,2020-07-12,301.001093,5.523735,2020-01-12,2025-12-28,312,313,99.680511
Singapore,SGP,3006707,2024,22698.148,2022-02-27,16.283508,2021-10-31,20794.2615,15.619779,2020-01-12,2025-12-28,312,313,99.680511
Saint Helena,SHN,2166,0,241758.23,2022-09-25,0,2020-01-12,88284.59375,0,2020-01-12,2025-12-28,312,313,99.680511
Solomon Islands,SLB,25954,199,5560.2856,2023-10-08,58.893192,2023-10-01,1884.902225,27.846237,2020-01-12,2025-12-28,312,313,99.680511
Sierra Leone,SLE,7985,126,72.97498,2021-06-27,1.329015,2020-05-17,51.076446,1.147785,2020-01-12,2025-12-28,312,313,99.680511
El Salvador,SLV,202066,4230,2018.529,2022-02-20,16.878132,2021-10-10,846.095975,15.126627,2020-01-12,2025-12-28,312,313,99.680511
San Marino,SMR,25292,126,34854.746,2022-01-09,439.71506,2020-03-22,33403.6875,227.186114,2020-01-12,2025-12-28,312,313,99.680511
Somalia,SOM,27334,1361,61.903522,2021-02-28,4.830946,2021-11-07,57.283227,3.609167,2020-01-12,2025-12-28,312,313,99.680511
Saint Pierre and Miquelon,SPM,3426,2,100173.61,2022-03-27,173.61111,2022-02-06,59157.98575,43.402777,2020-01-12,2025-12-28,312,313,99.680511
Serbia,SRB,2568003,18057,17162.172,2022-01-30,65.67308,2021-11-07,15280.5865,63.648404,2020-01-12,2025-12-28,312,313,99.680511
South Sudan,SSD,18873,147,122.76368,2021-02-28,1.088813,2021-02-21,97.199256,0.793926,2020-01-12,2025-12-28,312,313,99.680511
Sao Tome and Principe,STP,6771,80,3676.3245,2022-01-09,30.930614,2021-02-28,2288.86545,18.779302,2020-01-12,2025-12-28,312,313,99.680511
Suriname,SUR,82516,1406,10496.3,2022-01-23,96.2816,2021-10-10,8222.8503,85.44992,2020-01-12,2025-12-28,312,313,99.680511
Slovakia,SVK,1889237,21379,22667.93,2022-02-13,126.43438,2021-03-14,20182.40725,120.724735,2020-01-12,2025-12-28,312,313,99.680511
Slovenia,SVN,1366481,9914,46721.137,2022-01-30,190.99568,2020-12-06,37058.48225,167.475797,2020-01-12,2025-12-28,312,313,99.680511
Sweden,SWE,2782997,29161,26797.848,2022-01-30,64.74476,2021-01-03,20942.213,61.526593,2020-01-12,2025-12-28,312,313,99.680511
Eswatini,SWZ,75356,1427,6185.799,2021-12-19,85.321365,2021-01-31,3870.841525,68.70831,2020-01-12,2025-12-28,312,313,99.680511
Sint Maarten (Dutch part),SXM,11052,92,50684.25,2022-01-16,213.45729,2021-09-05,25004.1505,130.446126,2020-01-12,2025-12-28,312,313,99.680511
Seychelles,SYC,51899,172,31354.305,2022-01-16,95.59239,2022-02-27,23619.2875,67.711279,2020-01-12,2025-12-28,312,313,99.680511
Syria,SYR,57423,3163,112.05507,2021-10-24,4.496449,2021-10-24,96.18394,3.327818,2020-01-12,2025-12-28,312,313,99.680511
Turks and Caicos Islands,TCA,6931,41,23458.11,2022-01-16,87.204865,2022-01-16,12475.74635,49.052737,2020-01-12,2025-12-28,312,313,99.680511
Chad,TCD,7702,194,32.294212,2021-12-05,1.137883,2020-05-10,16.065829,0.839866,2020-01-12,2025-12-28,312,313,99.680511
Togo,TGO,39553,290,393.25208,2022-01-02,1.735118,2021-09-05,286.57331,1.301338,2020-01-12,2025-12-28,312,313,99.680511
Thailand,THA,5424614,35058,2544.2139,2022-04-03,25.412865,2021-08-29,2434.853575,23.701712,2020-01-12,2025-12-28,312,313,99.680511
Tajikistan,TJK,17786,125,139.06583,2020-05-24,1.964207,2020-05-17,95.558654,1.104866,2020-01-12,2025-12-28,312,313,99.680511
Tokelau,TKL,80,0,16868.512,2023-07-16,0,2020-01-12,8109.8616,0,2020-01-12,2025-12-28,312,313,99.680511
Turkmenistan,TKM,0,0,0,2020-01-12,0,2020-01-12,0,0,2020-01-12,2025-12-28,312,313,99.680511
East Timor,TLS,23460,138,1596.4373,2021-08-29,13.145412,2021-08-22,1111.700212,11.867386,2020-01-12,2025-12-28,312,313,99.680511
Tonga,TON,16992,13,20684.797,2022-03-27,66.63303,2022-04-03,14575.976,21.41776,2020-01-12,2025-12-28,312,313,99.680511
Trinidad and Tobago,TTO,191496,4390,4137.245,2022-01-23,133.02824,2021-12-19,3331.7223,114.644939,2020-01-12,2025-12-28,312,313,99.680511
Tunisia,TUN,1153361,29423,5447.0796,2022-01-23,103.80105,2021-08-01,4104.267025,96.684323,2020-01-12,2025-12-28,312,313,99.680511
Turkey,TUR,17004725,101419,8179.457,2022-02-06,28.635927,2021-05-02,7329.8555,25.971052,2020-01-12,2025-12-28,312,313,99.680511
Tuvalu,TUV,2943,1,109468.64,2022-11-13,99.88014,2023-06-18,67094.48675,24.970035,2020-01-12,2025-12-28,312,313,99.680511
Tanzania,TZA,43606,846,318.4426,2021-08-08,8.545579,2021-08-08,90.663499,2.426141,2020-01-12,2025-12-28,312,313,99.680511
Uganda,UGA,172294,3632,457.65707,2021-08-22,21.347326,2021-07-04,168.78126,9.046193,2020-01-12,2025-12-28,312,313,99.680511
Ukraine,UKR,5554699,109936,5918.375,2022-02-06,111.842575,2021-11-14,5261.8084,105.947151,2020-01-12,2025-12-28,312,313,99.680511
Uruguay,URY,1043219,7697,23123.861,2022-01-23,129.46365,2021-04-25,20299.4005,123.049456,2020-01-12,2025-12-28,312,313,99.680511
United States,USA,103436829,1235274,16545.738,2022-01-16,68.25674,2021-01-17,14029.33325,65.552031,2020-01-12,2025-12-28,312,313,99.680511
Uzbekistan,UZB,175158,1016,255.90349,2022-01-23,1.373825,2021-08-08,206.774943,1.359514,2020-01-12,2025-12-28,312,313,99.680511
Vatican,VAT,26,0,27290.45,2020-10-18,0,2020-01-12,6822.6125,0,2020-01-12,2025-12-28,312,313,99.680511
Saint Vincent and the Grenadines,VCT,9871,124,7446.3813,2022-01-09,137.17018,2021-10-17,4744.618475,105.327102,2020-01-12,2025-12-28,312,313,99.680511
Venezuela,VEN,552743,5856,484.4218,2022-02-06,4.926804,2021-04-25,449.544292,4.643247,2020-01-12,2025-12-28,312,313,99.680511
British Virgin Islands,VGB,7661,64,27330.1,2022-01-16,339.0184,2021-07-25,16807.48925,221.665877,2020-01-12,2025-12-28,312,313,99.680511
United States Virgin Islands,VIR,25392,132,24260.006,2022-01-02,92.463104,2021-08-29,18186.336,66.457854,2020-01-12,2025-12-28,312,313,99.680511
Vietnam,VNM,11624024,43206,18513.121,2022-03-20,25.110188,2021-08-22,14271.746,24.270005,2020-01-12,2025-12-28,312,313,99.680511
Vanuatu,VUT,12019,14,5082.0767,2022-03-27,19.165594,2022-04-24,4185.286575,9.582797,2020-01-12,2025-12-28,312,313,99.680511
Wallis and Futuna,WLF,3760,9,230762.55,2022-10-16,608.6427,2021-05-30,57690.6375,152.160675,2020-01-12,2025-12-28,312,313,99.680511
Samoa,WSM,17077,31,14363.357,2022-04-24,27.871975,2022-05-01,8801.7371,19.742649,2020-01-12,2025-12-28,312,313,99.680511
Yemen,YEM,11945,2159,19.046185,2021-04-04,2.616234,2021-04-04,16.384166,2.498503,2020-01-12,2025-12-28,312,313,99.680511
South Africa,ZAF,4073160,102595,2612.875,2021-12-19,64.55759,2021-01-17,1898.557325,59.219202,2020-01-12,2025-12-28,312,313,99.680511
Zambia,ZMB,349892,4078,1308.3455,2022-01-02,21.336842,2021-07-04,986.903425,18.07429,2020-01-12,2025-12-28,312,313,99.680511
Zimbabwe,ZWE,266437,5740,1659.7734,2021-12-19,29.99553,2021-08-01,1177.58905,26.448341,2020-01-12,2025-12-28,312,313,99.680511
