country,iso_code,year,total_reported_cases,total_reported_deaths,case_reporting_weeks,death_reporting_weeks,avg_weekly_cases_per_million,avg_weekly_deaths_per_million,peak_weekly_cases_per_million,peak_weekly_deaths_per_million
Aruba,ABW,2020,5228,47,51,51,950.996393,8.549509,5853.8667,64.93989
Aruba,ABW,2021,11990,134,52,52,2139.091237,23.906441,7430.978,139.15689
Aruba,ABW,2022,26587,99,52,52,4743.287645,17.662222,51348.895,408.19357
Aruba,ABW,2023,472,12,53,53,82.618936,2.100481,1001.9296,37.108505
Aruba,ABW,2024,0,0,52,52,0,0,0,0
Aruba,ABW,2025,0,0,52,52,0,0,0,0
Afghanistan,AFG,2020,51848,2158,51,51,25.053138,1.042753,125.878395,4.238662
Afghanistan,AFG,2021,106054,5194,52,52,50.260176,2.461495,303.4586,14.662812
Afghanistan,AFG,2022,49420,493,52,52,23.42069,0.233638,109.41661,1.552533
Afghanistan,AFG,2023,23053,128,53,53,10.718941,0.059516,48.867825,0.271077
Afghanistan,AFG,2024,4839,25,52,52,2.293256,0.011848,15.722477,0.123217
Afghanistan,AFG,2025,0,0,52,52,0,0,0,0
Angola,AGO,2020,17149,400,51,51,9.436078,0.220096,49.92279,0.926055
Angola,AGO,2021,53993,1346,52,52,29.137817,0.726381,148.00044,2.778165
Angola,AGO,2022,33928,183,52,52,18.309556,0.098758,315.869,1.346989
Angola,AGO,2023,1858,8,53,53,0.983768,0.004236,10.439167,0.056125
Angola,AGO,2024,559,0,52,52,0.301669,0,5.752767,0
Angola,AGO,2025,0,0,52,52,0,0,0,0
Anguilla,AIA,2020,12,0,51,51,16.567675,0,211.23785,0
Anguilla,AIA,2021,1634,5,52,52,2212.581134,6.770444,11195.606,140.82524
Anguilla,AIA,2022,2258,7,52,52,3057.532507,9.478622,18518.518,70.41262
Anguilla,AIA,2023,0,0,53,53,0,0,0,0
Anguilla,AIA,2024,0,0,52,52,0,0,0,0
Anguilla,AIA,2025,0,0,52,52,0,0,0,0
Albania,ALB,2020,55380,1134,51,51,384.02779,7.863624,1966.6758,37.84109
Albania,ALB,2021,151841,2053,52,52,1032.67958,13.962574,2741.8877,49.865364
Albania,ALB,2022,125449,409,52,52,853.186035,2.781633,5448.056,14.853513
Albania,ALB,2023,1926,8,53,53,12.851691,0.053382,55.523846,0.70731
Albania,ALB,2024,2600,4,52,52,17.682753,0.027204,111.401344,0.353655
Albania,ALB,2025,38,0,52,52,0.25844,0,2.829241,0
Andorra,AND,2020,7806,83,51,51,1919.907004,20.414076,9006.297,137.97948
Andorra,AND,2021,13924,56,52,52,3358.78715,13.50848,17937.332,75.261536
Andorra,AND,2022,25956,19,52,52,6261.180722,4.583234,43651.69,25.087177
Andorra,AND,2023,329,1,53,53,77.864922,0.236671,815.3333,12.543589
Andorra,AND,2024,0,0,52,52,0,0,0,0
Andorra,AND,2025,0,0,52,52,0,0,0,0
United Arab Emirates,ARE,2020,200892,655,51,51,384.595407,1.253957,915.53625,6.444
United Arab Emirates,ARE,2021,548638,1501,52,52,1030.135052,2.818311,2566.372,10.447092
United Arab Emirates,ARE,2022,297019,192,52,52,557.689553,0.360503,2021.561,2.733818
United Arab Emirates,ARE,2023,20481,1,53,53,37.730009,0.001842,157.38983,0.097636
United Arab Emirates,ARE,2024,0,0,52,52,0,0,0,0
United Arab Emirates,ARE,2025,0,0,52,52,0,0,0,0
Argentina,ARG,2020,1629908,47507,51,51,703.819771,20.514266,2149.1414,57.3028
Argentina,ARG,2021,3930008,70323,52,52,1664.403563,29.782599,5167.8228,99.45405
Argentina,ARG,2022,4331223,12294,52,52,1834.322725,5.20665,16972.53,54.26368
Argentina,ARG,2023,153818,348,53,53,63.914564,0.144601,1597.9156,1.960011
Argentina,ARG,2024,65719,264,52,52,27.832752,0.111807,198.97417,0.550565
Argentina,ARG,2025,7800,93,52,52,3.30339,0.039387,9.051288,0.132136
Armenia,ARM,2020,157834,2768,51,51,1074.249635,18.83956,5004.3735,70.8117
Armenia,ARM,2021,186647,5175,52,52,1245.926713,34.544733,4643.373,120.10219
Armenia,ARM,2022,101102,765,52,52,674.887269,5.106613,8165.5605,53.803005
Armenia,ARM,2023,5843,67,53,53,38.267919,0.438807,163.14459,2.429813
Armenia,ARM,2024,2629,9,52,52,17.549392,0.060078,42.695286,0.694232
Armenia,ARM,2025,830,1,52,52,5.540508,0.006675,16.661575,0.347116
American Samoa,ASM,2020,0,0,51,51,0,0,0,0
American Samoa,ASM,2021,11,0,52,52,4.373792,0,103.38055,0
American Samoa,ASM,2022,8255,34,52,52,3282.332229,13.518995,38891.76,144.73276
American Samoa,ASM,2023,93,0,53,53,36.280719,0,392.84607,0
American Samoa,ASM,2024,0,0,52,52,0,0,0,0
American Samoa,ASM,2025,0,0,52,52,0,0,0,0
Antigua and Barbuda,ATG,2020,155,5,51,51,32.732533,1.055888,420.03232,21.54012
Antigua and Barbuda,ATG,2021,4082,113,52,52,845.449664,23.404167,5395.8,215.40118
Antigua and Barbuda,ATG,2022,4877,28,52,52,1010.107294,5.799263,6752.827,75.39041
Antigua and Barbuda,ATG,2023,0,0,53,53,0,0,0,0
Antigua and Barbuda,ATG,2024,0,0,52,52,0,0,0,0
Antigua and Barbuda,ATG,2025,0,0,52,52,0,0,0,0
Australia,AUS,2020,28296,920,51,51,21.175673,0.688494,130.37677,5.266977
Australia,AUS,2021,338311,1457,52,52,248.310524,1.069396,3807.6428,4.541814
Australia,AUS,2022,10327434,15439,52,52,7580.038927,11.331781,22472.932,25.571556
Australia,AUS,2023,1027494,6604,53,53,739.921716,4.75569,3492.9219,44.311306
Australia,AUS,2024,139626,892,52,52,102.481461,0.654702,421.89252,5.228811
Australia,AUS,2025,0,0,52,52,0,0,0,0
Austria,AUT,2020,344732,7049,51,51,745.691258,15.247722,5426.6685,105.57463
Austria,AUT,2021,907356,9538,52,52,1924.961251,20.234925,10361.979,60.67507
Austria,AUT,2022,4426257,4984,52,52,9390.331069,10.573586,35203.457,31.881992
Austria,AUT,2023,403825,963,53,53,840.552711,2.004463,4354.5947,8.053237
Austria,AUT,2024,867,0,52,52,1.839346,0,8.163555,0
Austria,AUT,2025,642,0,52,52,1.362007,0,5.405597,0
Azerbaijan,AZE,2020,211764,2416,51,51,403.313401,4.601373,2831.8728,28.45957
Azerbaijan,AZE,2021,402355,5868,52,52,751.565365,10.960931,2484.2388,27.973911
Azerbaijan,AZE,2022,211774,1722,52,52,395.576054,3.216552,4579.5625,17.872221
Azerbaijan,AZE,2023,8361,347,53,53,15.322974,0.635937,49.34287,2.719686
Azerbaijan,AZE,2024,2244,0,52,52,4.191604,0,13.209903,0
Azerbaijan,AZE,2025,12,0,52,52,0.022415,0,0.388527,0
Burundi,BDI,2020,809,2,51,51,1.190798,0.002944,4.954545,0.075069
Burundi,BDI,2021,26190,12,52,52,37.808722,0.017324,327.30026,0.225207
Burundi,BDI,2022,25052,1,52,52,36.16587,0.001444,381.12463,0.075069
Burundi,BDI,2023,2515,0,53,53,3.56223,0,79.7982,0
Burundi,BDI,2024,108,0,52,52,0.155912,0,3.828512,0
Burundi,BDI,2025,0,0,52,52,0,0,0,0
Belgium,BEL,2020,638760,19374,51,51,1075.838005,32.630856,9169.705,166.4689
Belgium,BEL,2021,1409350,8818,52,52,2328.063717,14.566194,10757.859,41.058895
Belgium,BEL,2022,2631362,5048,52,52,4346.66928,8.338642,28891.373,27.91661
Belgium,BEL,2023,169273,1099,53,53,274.341283,1.781153,1072.3414,8.246138
Belgium,BEL,2024,43604,0,52,52,72.028161,0,196.10345,0
Belgium,BEL,2025,13219,0,52,52,21.836076,0,52.655025,0
Benin,BEN,2020,3205,44,51,51,4.567252,0.062702,27.907976,0.508739
Benin,BEN,2021,21730,117,52,52,30.37061,0.163523,323.70346,0.654093
Benin,BEN,2022,3050,2,52,52,4.262787,0.002795,37.35599,0.072677
Benin,BEN,2023,51,0,53,53,0.069934,0,1.235509,0
Benin,BEN,2024,0,0,52,52,0,0,0,0
Benin,BEN,2025,0,0,52,52,0,0,0,0
Bonaire Sint Eustatius and Saba,BES,2020,182,3,51,51,124.542037,2.052891,1710.058,34.899143
Bonaire Sint Eustatius and Saba,BES,2021,3057,20,52,51,2051.666839,13.685938,10539.541,139.59657
Bonaire Sint Eustatius and Saba,BES,2022,8477,17,52,52,5689.231138,11.409336,36330.008,69.79829
Bonaire Sint Eustatius and Saba,BES,2023,206,2,53,53,135.645722,1.316949,1675.1588,34.899143
Bonaire Sint Eustatius and Saba,BES,2024,0,0,52,52,0,0,0,0
Bonaire Sint Eustatius and Saba,BES,2025,0,0,52,52,0,0,0,0
Burkina Faso,BFA,2020,6344,78,51,51,5.52632,0.067947,52.601093,0.799679
Burkina Faso,BFA,2021,10696,239,52,52,9.13821,0.204192,49.13582,1.377225
Burkina Faso,BFA,2022,4966,78,52,52,4.24274,0.06664,89.03091,0.666399
Burkina Faso,BFA,2023,103,5,53,53,0.086338,0.004191,0.755252,0.088853
Burkina Faso,BFA,2024,54,0,52,52,0.046135,0,0.310986,0
Burkina Faso,BFA,2025,54,0,52,52,0.046135,0,0.310986,0
Bangladesh,BGD,2020,509148,7452,51,51,58.938516,0.862637,150.43254,1.853766
Bangladesh,BGD,2021,1074105,20493,52,51,121.946326,2.372251,588.55896,10.248848
Bangladesh,BGD,2022,453771,1379,52,52,51.517968,0.156562,591.52856,1.357854
Bangladesh,BGD,2023,9268,38,53,53,1.03237,0.004233,5.903714,0.035422
Bangladesh,BGD,2024,5251,22,52,52,0.596162,0.002498,2.101722,0.017711
Bangladesh,BGD,2025,734,32,52,52,0.083333,0.003633,0.856039,0.070845
Bulgaria,BGR,2020,197384,7123,51,51,567.001574,20.461396,3407.9211,143.57161
Bulgaria,BGR,2021,536498,23405,52,52,1511.4969,65.939826,4828.9873,173.75095
Bulgaria,BGR,2022,546735,7508,52,52,1540.337978,21.152583,9058.343,93.61455
Bulgaria,BGR,2023,42961,594,53,53,118.75202,1.641924,333.58423,3.516039
Bulgaria,BGR,2024,14618,132,52,52,41.183866,0.371889,218.14095,2.930033
Bulgaria,BGR,2025,2593,12,52,52,7.305361,0.033808,37.797424,0.439505
Bahrain,BHR,2020,91518,351,51,51,1170.21023,4.48812,3203.8657,13.694521
Bahrain,BHR,2021,188000,1043,52,52,2357.664805,13.080023,13583.009,99.122246
Bahrain,BHR,2022,417096,142,52,52,5230.705027,1.780789,33486.363,9.129681
Bahrain,BHR,2023,0,0,53,53,0,0,0,0
Bahrain,BHR,2024,0,0,52,52,0,0,0,0
Bahrain,BHR,2025,0,0,52,52,0,0,0,0
Bahamas,BHS,2020,7788,156,51,50,384.125151,7.848227,1821.1912,50.30915
Bahamas,BHS,2021,15842,544,52,52,766.343796,26.315555,2246.3035,176.08203
Bahamas,BHS,2022,13861,120,52,52,670.514547,5.804902,7878.413,47.793694
Bahamas,BHS,2023,656,13,53,53,31.134718,0.616999,1287.9142,27.670033
Bahamas,BHS,2024,980,3,52,52,47.406699,0.145123,269.15396,2.515457
Bahamas,BHS,2025,0,0,52,52,0,0,0,0
Bosnia and Herzegovina,BIH,2020,109330,3923,51,51,668.910426,24.001972,3470.4172,122.31645
Bosnia and Herzegovina,BIH,2021,178386,9360,52,52,1070.424949,56.165716,3470.1052,173.17763
Bosnia and Herzegovina,BIH,2022,113244,2939,52,52,679.533167,17.635795,5382.548,109.83518
Bosnia and Herzegovina,BIH,2023,2548,158,53,53,15.001074,0.930208,52.421337,4.056413
Bosnia and Herzegovina,BIH,2024,634,24,52,52,3.804387,0.144015,13.417366,0.936095
Bosnia and Herzegovina,BIH,2025,147,15,52,52,0.88209,0.090009,5.928603,1.560159
Saint Barthelemy,BLM,2020,189,0,51,51,338.49857,0,2283.5222,0
Saint Barthelemy,BLM,2021,1537,4,52,52,2699.825772,7.026222,24662.04,182.68176
Saint Barthelemy,BLM,2022,3676,1,52,52,6457.097971,1.756555,45853.125,91.34088
Saint Barthelemy,BLM,2023,105,0,53,53,180.958353,0,1644.1359,0
Saint Barthelemy,BLM,2024,0,0,52,52,0,0,0,0
Saint Barthelemy,BLM,2025,0,0,52,52,0,0,0,0
Belarus,BLR,2020,184922,1376,51,51,395.271635,2.941206,1454.557,6.758789
Belarus,BLR,2021,507679,4108,52,52,1064.297645,8.612006,1549.3981,12.645477
Belarus,BLR,2022,301436,1634,52,52,631.930067,3.425516,5883.3086,15.261784
Belarus,BLR,2023,0,0,53,53,0,0,0,0
Belarus,BLR,2024,8,0,52,52,0.016771,0,0.763089,0
Belarus,BLR,2025,34,0,52,52,0.071278,0,0.545064,0
Belize,BLZ,2020,10490,228,51,51,510.716016,11.100405,4459.442,84.4215
Belize,BLZ,2021,21013,365,52,52,1003.364838,17.428647,4476.8228,74.48956
Belize,BLZ,2022,38220,96,52,52,1824.994199,4.583973,12765.027,24.829853
Belize,BLZ,2023,1708,0,53,53,80.017718,0,672.88904,0
Belize,BLZ,2024,47,0,52,52,2.244237,0,32.27881,0
Belize,BLZ,2025,63,0,52,52,3.008232,0,47.17672,0
Bermuda,BMU,2020,561,9,51,51,169.826465,2.724489,1929.8462,61.75508
Bermuda,BMU,2021,5503,97,52,52,1633.837502,28.799244,11795.22,355.0917
Bermuda,BMU,2022,12493,46,52,52,3709.164436,13.657373,20842.34,61.75508
Bermuda,BMU,2023,303,13,53,53,88.263155,3.786868,1003.52,30.87754
Bermuda,BMU,2024,0,0,52,52,0,0,0,0
Bermuda,BMU,2025,0,0,52,52,0,0,0,0
Bolivia,BOL,2020,153590,9083,51,51,249.360747,14.746687,919.25616,157.90141
Bolivia,BOL,2021,421657,10447,52,52,671.415396,16.635029,1642.274,49.01816
Bolivia,BOL,2022,571494,2750,52,52,910.004737,4.378896,6559.3257,34.8592
Bolivia,BOL,2023,65355,105,53,53,102.102946,0.16404,1182.1492,1.573218
Bolivia,BOL,2024,60,2,52,52,0.09554,0.003185,0.993611,0.082801
Bolivia,BOL,2025,24,2,52,52,0.038216,0.003185,0.662408,0.082801
Brazil,BRA,2020,7448560,190488,51,51,694.463841,17.760081,1553.6902,35.438766
Brazil,BRA,2021,14782750,427904,52,52,1351.75934,39.128256,2534.5115,100.30127
Brazil,BRA,2022,13893600,74351,52,52,1270.453967,6.79878,6100.7363,31.65857
Brazil,BRA,2023,1387584,9373,53,53,124.488978,0.840911,984.01184,5.278013
Brazil,BRA,2024,0,0,52,52,0,0,0,0
Brazil,BRA,2025,431386,1564,52,52,39.446656,0.143015,125.90677,0.480252
Barbados,BRB,2020,347,7,51,51,24.099692,0.486161,141.68118,14.168119
Barbados,BRB,2021,27282,253,52,52,1858.3395,17.233337,9605.984,99.176834
Barbados,BRB,2022,77886,308,52,52,5305.279352,20.979714,15135.093,159.39134
Barbados,BRB,2023,2279,25,53,53,152.307277,1.670769,1891.4438,21.252178
Barbados,BRB,2024,1043,0,52,52,71.044942,0,262.1102,0
Barbados,BRB,2025,304,0,52,52,20.707251,0,138.13916,0
Brunei,BRN,2020,152,3,51,51,6.544932,0.129176,94.42788,2.195997
Brunei,BRN,2021,15295,58,52,52,645.918782,2.449381,4128.4746,15.37198
Brunei,BRN,2022,253168,87,52,52,10691.46546,3.674072,64566.707,24.155968
Brunei,BRN,2023,62161,23,53,53,2575.573178,0.95298,15066.736,6.587991
Brunei,BRN,2024,19516,11,52,52,824.1746,0.464538,9517.451,10.979985
Brunei,BRN,2025,258,0,52,52,10.895524,0,296.45963,0
Bhutan,BTN,2020,597,0,51,51,14.989842,0,193.36143,0
Bhutan,BTN,2021,2063,3,52,52,50.802932,0.073877,279.15756,1.280539
Bhutan,BTN,2022,59871,18,52,52,1474.368572,0.443264,13810.616,5.122157
Bhutan,BTN,2023,166,0,53,53,4.010746,0,33.29402,0
Bhutan,BTN,2024,0,0,52,52,0,0,0,0
Bhutan,BTN,2025,257,0,52,52,6.328819,0,92.19883,0
Botswana,BWA,2020,13890,39,51,51,111.624861,0.313418,829.13403,1.639415
Botswana,BWA,2021,198592,2400,52,52,1565.262808,18.916325,6373.635,86.47913
Botswana,BWA,2022,115549,347,52,52,910.734335,2.734985,17144.18,20.902538
Botswana,BWA,2023,2386,14,53,53,18.45115,0.108263,143.03894,0.819707
Botswana,BWA,2024,282,1,52,52,2.222668,0.007882,19.672977,0.409854
Botswana,BWA,2025,0,0,52,52,0,0,0,0
Central African Republic,CAF,2020,5814,63,51,51,22.361544,0.242308,171.04619,4.315386
Central African Republic,CAF,2021,6454,38,52,52,24.345716,0.143343,240.68083,1.569231
Central African Republic,CAF,2022,3092,12,52,52,11.663612,0.045266,157.51158,0.980769
Central African Republic,CAF,2023,80,0,53,53,0.296081,0,8.434617,0
Central African Republic,CAF,2024,3,0,52,52,0.011317,0,0.196154,0
Central African Republic,CAF,2025,49,0,52,52,0.184837,0,1.961539,0
Canada,CAN,2020,539245,14734,51,51,272.361887,7.441849,1197.9004,30.241163
Canada,CAN,2021,1422482,15117,52,52,704.65059,7.488462,2421.9463,28.103159
Canada,CAN,2022,2514662,18901,52,52,1245.680477,9.362931,7568.868,28.798655
Canada,CAN,2023,297851,6020,53,53,144.761668,2.925843,432.64954,9.015678
Canada,CAN,2024,44819,841,52,52,22.201852,0.416604,130.83038,2.344076
Canada,CAN,2025,0,0,52,52,0,0,0,0
Switzerland,CHE,2020,435319,7182,51,51,970.824839,16.016907,6301.6226,72.223274
Switzerland,CHE,2021,818311,4646,52,52,1789.857577,10.162002,7386.109,65.285286
Switzerland,CHE,2022,3121455,2037,52,52,6827.428566,4.455445,28296.623,15.354554
Switzerland,CHE,2023,71862,305,53,53,154.215086,0.654527,676.51025,2.615961
Switzerland,CHE,2024,28395,0,52,52,62.107201,0,170.7199,0
Switzerland,CHE,2025,13953,0,52,52,30.518816,0,73.47438,0
Chile,CHL,2020,598394,16404,51,51,600.071392,16.449983,3548.9634,79.98759
Chile,CHL,2021,1200731,22609,52,52,1180.941134,22.236369,2583.231,44.545517
Chile,CHL,2022,3207034,23999,52,52,3154.177161,23.60346,12678.34,606.45325
Chile,CHL,2023,326818,2735,53,53,315.366799,2.63917,1604.2524,8.489732
Chile,CHL,2024,76968,630,52,52,75.699451,0.619617,366.84845,2.045718
Chile,CHL,2025,429,23,52,52,0.421929,0.022621,1.227431,0.153429
China,CHN,2020,96323,4777,51,51,1.325227,0.065723,21.9853,0.907254
China,CHN,2021,34534,922,52,52,0.465987,0.012441,2.777896,0.124195
China,CHN,2022,62314792,33296,52,52,840.84942,0.449282,28400.266,4.104044
China,CHN,2023,36877077,82960,53,53,488.214889,1.098306,17292.47,33.460346
China,CHN,2024,58852,528,52,52,0.794124,0.007125,2.403907,0.039293
China,CHN,2025,182,7,52,52,0.002456,0.000094,0.065255,0.004912
Cameroon,CMR,2020,26277,448,51,51,18.645807,0.317895,78.529945,2.207524
Cameroon,CMR,2021,82399,1403,52,52,57.344818,0.976405,314.15598,4.813126
Cameroon,CMR,2022,15317,114,52,52,10.659724,0.079337,97.022484,0.977101
Cameroon,CMR,2023,1144,9,53,53,0.781134,0.006145,10.711919,0.072378
Cameroon,CMR,2024,142,0,52,52,0.098824,0,1.01329,0
Cameroon,CMR,2025,45,0,52,52,0.031317,0,0.217133,0
Democratic Republic of Congo,COD,2020,16837,579,51,51,3.224092,0.110872,13.125388,2.08014
Democratic Republic of Congo,COD,2021,58207,626,52,52,10.931626,0.117567,67.3848,0.771507
Democratic Republic of Congo,COD,2022,20026,257,52,52,3.761003,0.048266,47.823677,0.517593
Democratic Republic of Congo,COD,2023,4268,6,53,53,0.786432,0.001106,5.605634,0.019532
Democratic Republic of Congo,COD,2024,1668,6,52,52,0.313261,0.001127,1.406292,0.029298
Democratic Republic of Congo,COD,2025,4,0,52,52,0.000751,0,0.019532,0
Congo,COG,2020,6389,100,51,51,20.757639,0.324896,147.13914,2.154064
Congo,COG,2021,13700,267,52,52,43.654847,0.850791,150.78447,5.136614
Congo,COG,2022,5036,19,52,52,16.047139,0.060543,196.84831,0.994183
Congo,COG,2023,150,3,53,53,0.468954,0.009379,5.468008,0.331394
Congo,COG,2024,21,0,52,52,0.066916,0,0.994183,0
Congo,COG,2025,0,0,52,52,0,0,0,0
Cook Islands,COK,2020,0,0,51,51,0,0,0,0
Cook Islands,COK,2021,0,0,52,52,0,0,0,0
Cook Islands,COK,2022,6625,1,52,52,8639.306101,1.304046,70455.01,67.8104
Cook Islands,COK,2023,571,1,52,53,744.610383,1.279442,9086.594,67.8104
Cook Islands,COK,2024,173,0,52,52,225.599993,0,2848.0369,0
Cook Islands,COK,2025,0,0,52,52,0,0,0,0
Colombia,COL,2020,1574797,41690,51,51,596.822565,15.799835,1790.4655,43.333767
Colombia,COL,2021,3543547,87996,52,52,1317.121048,32.707732,3953.694,88.4264
Colombia,COL,2022,1220085,12390,52,52,453.500293,4.605309,4062.0283,33.55371
Colombia,COL,2023,27655,651,53,53,10.085295,0.237408,130.96771,2.43535
Colombia,COL,2024,28661,0,52,52,10.653169,0,57.288708,0
Colombia,COL,2025,7786,75,52,52,2.894022,0.027877,7.132096,0.115969
Comoros,COM,2020,661,7,51,51,15.536951,0.164537,85.112404,3.596299
Comoros,COM,2021,4942,146,52,52,113.928896,3.365767,1122.0452,34.76422
Comoros,COM,2022,3379,8,52,52,77.896752,0.184426,1476.88,5.993831
Comoros,COM,2023,127,0,53,53,2.872515,0,34.76422,0
Comoros,COM,2024,0,0,52,52,0,0,0,0
Comoros,COM,2025,0,0,52,52,0,0,0,0
Cape Verde,CPV,2020,11698,112,51,51,441.313222,4.225259,1394.9014,23.088022
Cape Verde,CPV,2021,27315,240,52,52,1010.656001,8.880009,3911.4958,36.556038
Cape Verde,CPV,2022,24177,60,52,52,894.549907,2.220002,14212.603,25.012026
Cape Verde,CPV,2023,1284,5,53,53,46.611669,0.18151,280.90427,3.848004
Cape Verde,CPV,2024,0,0,52,52,0,0,0,0
Cape Verde,CPV,2025,76,0,52,52,2.812003,0,146.22415,0
Costa Rica,CRI,2020,164062,2103,51,51,633.028601,8.114366,1661.2341,24.79454
Costa Rica,CRI,2021,405461,5246,52,52,1534.374065,19.852283,3437.586,47.227695
Costa Rica,CRI,2022,592164,1723,52,52,2240.908731,6.520298,7771.1206,25.77845
Costa Rica,CRI,2023,68865,294,53,53,255.686728,1.091584,1124.0192,4.919551
Costa Rica,CRI,2024,5273,8,52,52,19.954458,0.030274,81.27099,0.196782
Costa Rica,CRI,2025,5830,20,52,52,22.062296,0.075685,52.934376,0.590346
Cuba,CUB,2020,11038,141,51,51,19.569155,0.249977,91.68321,1.71793
Cuba,CUB,2021,953569,8179,52,52,1658.061527,14.221609,5851.7217,54.431255
Cuba,CUB,2022,147220,210,52,52,255.985481,0.365147,2077.1582,3.707112
Cuba,CUB,2023,1767,0,53,53,3.014481,0,28.210218,0
Cuba,CUB,2024,68,0,52,52,0.118238,0,1.175426,0
Cuba,CUB,2025,170,0,52,52,0.295595,0,1.71793,0
Curacao,CUW,2020,4052,12,51,51,428.65379,1.269458,3744.2676,21.580793
Curacao,CUW,2021,14248,174,52,52,1478.28431,18.053164,11793.903,118.69436
Curacao,CUW,2022,27408,113,52,52,2843.68452,11.724181,32052.873,91.71837
Curacao,CUW,2023,176,6,53,53,17.91613,0.610777,356.0831,16.185595
Curacao,CUW,2024,0,0,52,52,0,0,0,0
Curacao,CUW,2025,0,0,52,52,0,0,0,0
Cayman Islands,CYM,2020,318,2,51,51,87.072953,0.547629,488.75854,13.96453
Cayman Islands,CYM,2021,8068,9,52,52,2166.650524,2.416938,29395.336,41.89359
Cayman Islands,CYM,2022,23086,26,52,52,6199.714142,6.982265,29967.88,55.85812
Cayman Islands,CYM,2023,0,0,53,53,0,0,0,0
Cayman Islands,CYM,2024,0,0,52,52,0,0,0,0
Cayman Islands,CYM,2025,0,0,52,52,0,0,0,0
Cyprus,CYP,2020,19392,114,51,51,404.343898,2.377022,2845.6702,23.394897
Cyprus,CYP,2021,130456,523,52,52,2667.836287,10.695395,7353.4414,25.521706
Cyprus,CYP,2022,478661,618,52,52,9788.658212,12.638153,33907.715,45.72639
Cyprus,CYP,2023,46966,109,53,53,942.336841,2.187002,3826.1292,26.58511
Cyprus,CYP,2024,36127,0,52,52,738.800226,0,8319.013,0
Cyprus,CYP,2025,6451,0,52,52,131.923498,0,375.38177,0
Czechia,CZE,2020,675062,11367,51,51,1240.161334,20.882399,7940.531,145.41072
Czechia,CZE,2021,1811389,24621,52,52,3263.721445,44.361584,12281.209,142.69363
Czechia,CZE,2022,2091075,6111,52,52,3767.653567,11.010667,26849.639,41.974228
Czechia,CZE,2023,169097,1255,53,53,298.926715,2.218567,1501.1407,7.120628
Czechia,CZE,2024,78714,429,52,52,141.825178,0.772963,736.6102,5.340471
Czechia,CZE,2025,56980,177,52,52,102.665328,0.318915,553.254,1.405387
Germany,DEU,2020,1660177,47006,51,51,387.132247,10.961204,2076.309,76.8259
Germany,DEU,2021,5353865,70683,52,52,1224.44477,16.165411,4796.838,68.48922
Germany,DEU,2022,30227893,48046,52,52,6913.208723,10.988262,18895.973,23.0002
Germany,DEU,2023,1195820,9241,28,28,507.905497,3.924968,1802.5188,11.535777
Djibouti,DJI,2020,5805,61,51,51,100.099753,1.051866,857.4436,13.191441
Djibouti,DJI,2021,7763,128,52,52,131.288654,2.164749,1108.0809,18.468016
Djibouti,DJI,2022,2122,0,52,52,35.887482,0,665.728,0
Djibouti,DJI,2023,0,0,53,53,0,0,0,0
Djibouti,DJI,2024,0,0,52,52,0,0,0,0
Djibouti,DJI,2025,0,0,52,52,0,0,0,0
Dominica,DMA,2020,96,0,51,51,28.159125,0,194.47395,0
Dominica,DMA,2021,6463,45,52,52,1859.297514,12.945751,11174.772,104.71674
Dominica,DMA,2022,9201,29,52,52,2646.974532,8.342818,14480.829,89.75721
Dominica,DMA,2023,287,0,53,53,81.007292,0,628.3005,0
Dominica,DMA,2024,0,0,52,52,0,0,0,0
Dominica,DMA,2025,0,0,52,52,0,0,0,0
Denmark,DNK,2020,151167,1159,51,51,502.135954,3.849885,4148.8076,22.700703
Denmark,DNK,2021,546396,2038,52,52,1780.076495,6.639499,13493.026,37.608627
Denmark,DNK,2022,2684288,4515,52,52,8745.008993,14.709195,54641.945,50.48365
Denmark,DNK,2023,50495,1781,53,53,161.401292,5.692756,1313.5914,20.328987
Denmark,DNK,2024,13055,519,52,52,42.531239,1.690824,124.00682,6.437513
Denmark,DNK,2025,6908,0,52,52,22.505232,0,57.25998,0
Dominican Republic,DOM,2020,165940,2404,51,51,289.71619,4.197166,936.6262,14.869909
Dominican Republic,DOM,2021,247947,1833,52,52,424.568115,3.138709,994.41406,13.801414
Dominican Republic,DOM,2022,244700,147,52,52,419.008168,0.251713,3865.2861,1.869869
Dominican Republic,DOM,2023,2516,0,53,53,4.226945,0,52.44537,0
Dominican Republic,DOM,2024,0,0,52,52,0,0,0,0
Dominican Republic,DOM,2025,0,0,52,52,0,0,0,0
Algeria,DZA,2020,97857,2722,51,51,42.191618,1.173606,163.5538,3.210386
Algeria,DZA,2021,118519,3507,52,52,50.117465,1.482985,231.4117,5.84906
Algeria,DZA,2022,54818,652,52,52,23.18058,0.275708,324.86472,1.869061
Algeria,DZA,2023,816,0,53,53,0.338547,0,1.165414,0
Algeria,DZA,2024,196,0,52,52,0.082881,0,0.703646,0
Algeria,DZA,2025,231,0,52,52,0.097682,0,0.703646,0
Ecuador,ECU,2020,215978,13990,50,51,242.346512,15.390219,768.4626,232.2724
Ecuador,ECU,2021,332094,19657,52,52,358.306716,21.208559,818.95654,497.30978
Ecuador,ECU,2022,499095,2287,52,52,538.489374,2.467516,3462.8784,28.27664
Ecuador,ECU,2023,27936,90,53,53,29.572335,0.095272,240.46365,1.234298
Ecuador,ECU,2024,10587,32,52,52,11.422649,0.034526,59.19019,0.336627
Ecuador,ECU,2025,2881,8,52,52,3.108402,0.008631,8.808397,0.056104
Egypt,EGY,2020,131315,7352,51,51,22.863114,1.280049,95.70385,5.523083
Egypt,EGY,2021,249205,14219,52,52,42.554415,2.428046,84.915184,3.933643
Egypt,EGY,2022,134994,3231,52,52,23.051667,0.551728,140.93631,3.685015
Egypt,EGY,2023,509,28,53,53,0.085277,0.004691,0.293025,0.026639
Egypt,EGY,2024,0,0,52,52,0,0,0,0
Egypt,EGY,2025,0,0,52,52,0,0,0,0
Eritrea,ERI,2020,997,1,51,51,5.733775,0.005751,71.27249,0.293302
Eritrea,ERI,2021,6876,71,52,52,38.783608,0.400471,143.13159,1.759815
Eritrea,ERI,2022,2316,31,52,52,13.06324,0.174853,168.0623,1.759815
Eritrea,ERI,2023,0,0,53,53,0,0,0,0
Eritrea,ERI,2024,0,0,52,52,0,0,0,0
Eritrea,ERI,2025,0,0,52,52,0,0,0,0
Spain,ESP,2020,1919549,53964,51,51,786.943039,22.123215,3029.1008,122.12413
Spain,ESP,2021,4180589,37311,52,52,1680.925274,15.001954,10266.832,79.84798
Spain,ESP,2022,7654824,27668,52,52,3077.840711,11.12471,19998.709,36.986404
Spain,ESP,2023,225378,2909,28,28,168.293664,2.172201,309.92056,4.390698
Estonia,EST,2020,31031,284,51,51,450.673378,4.124625,4125.6416,54.07035
Estonia,EST,2021,195778,1544,52,52,2788.668291,21.992787,8939.384,63.699314
Estonia,EST,2022,367408,899,52,52,5233.371601,12.805386,35576.066,47.40414
Estonia,EST,2023,14364,357,53,53,200.740886,4.989174,598.4773,25.18345
Estonia,EST,2024,5095,212,52,52,72.573348,3.019735,265.16693,16.295174
Estonia,EST,2025,2660,100,52,52,37.889128,1.424403,99.99311,6.666207
Ethiopia,ETH,2020,122413,1901,51,51,19.143188,0.297282,84.70759,1.220249
Ethiopia,ETH,2021,273337,4993,52,52,41.922963,0.7658,159.0311,2.440497
Ethiopia,ETH,2022,101346,678,52,52,15.543906,0.103988,228.01901,0.885278
Ethiopia,ETH,2023,4021,2,53,53,0.605083,0.000301,7.217811,0.007975
Ethiopia,ETH,2024,162,0,52,52,0.024847,0,0.319019,0
Ethiopia,ETH,2025,45,0,52,52,0.006902,0,0.039877,0
Finland,FIN,2020,38052,618,51,51,133.969735,2.175794,551.0567,11.671125
Finland,FIN,2021,284783,1218,52,52,983.354471,4.205749,9379.275,21.187582
Finland,FIN,2022,1133314,6862,52,52,3913.328418,23.694457,11033.344,45.786724
Finland,FIN,2023,43563,2710,53,53,147.584686,9.18106,651.6079,36.62938
Finland,FIN,2024,8442,58,52,52,29.15019,0.200274,195.17714,3.232004
Finland,FIN,2025,7727,0,52,52,26.681298,0,141.84906,0
Fiji,FJI,2020,46,2,51,51,0.981002,0.042652,8.701062,1.087633
Fiji,FJI,2021,52898,695,52,52,1106.415312,14.53663,7911.4404,95.711685
Fiji,FJI,2022,15758,184,52,52,329.594558,3.848547,3178.063,41.330044
Fiji,FJI,2023,352,4,52,53,7.362437,0.082086,117.46434,2.175266
Fiji,FJI,2024,0,0,52,52,0,0,0,0
Fiji,FJI,2025,0,0,52,52,0,0,0,0
Falkland Islands,FLK,2020,29,0,51,51,161.771679,0,1706.9701,0
Falkland Islands,FLK,2021,52,0,52,52,284.495019,0,2560.455,0
Falkland Islands,FLK,2022,1842,0,52,52,10077.688966,0,208819.34,0
Falkland Islands,FLK,2023,0,0,53,53,0,0,0,0
Falkland Islands,FLK,2024,0,0,52,52,0,0,0,0
Falkland Islands,FLK,2025,0,0,52,52,0,0,0,0
France,FRA,2020,2338258,63534,51,51,713.286283,19.381065,5172.9683,87.15348
France,FRA,2021,6371668,60631,52,52,1906.300723,18.139821,8085.8887,53.73583
France,FRA,2022,29279621,37502,52,52,8759.992304,11.219996,37603.305,31.052898
France,FRA,2023,1007943,6318,26,26,603.120711,3.780488,2360.1914,12.570513
Faroe Islands,FRO,2020,574,0,51,51,208.273692,0,1665.4639,0
Faroe Islands,FRO,2021,4576,13,52,52,1628.453514,4.626288,10103.813,92.52577
Faroe Islands,FRO,2022,29508,15,52,52,10500.963135,5.338025,92026.13,74.020615
Faroe Islands,FRO,2023,0,0,53,53,0,0,0,0
Faroe Islands,FRO,2024,0,0,52,52,0,0,0,0
Faroe Islands,FRO,2025,0,0,52,52,0,0,0,0
Micronesia (country),FSM,2020,0,0,51,51,0,0,0,0
Micronesia (country),FSM,2021,0,0,52,52,0,0,0,0
Micronesia (country),FSM,2022,22069,58,52,52,3785.196965,9.947955,56786.36,160.53941
Micronesia (country),FSM,2023,4363,7,52,53,748.326352,1.177962,10872.086,17.837713
Micronesia (country),FSM,2024,5305,0,52,52,909.894808,0,47314.53,0
Micronesia (country),FSM,2025,0,0,52,52,0,0,0,0
Gabon,GAB,2020,9497,64,51,51,76.608326,0.516261,396.99683,4.525353
Gabon,GAB,2021,29373,223,52,52,232.383169,1.764255,626.14417,6.170935
Gabon,GAB,2022,10109,19,52,52,79.976899,0.150318,1204.5665,2.87977
Gabon,GAB,2023,72,1,53,53,0.558877,0.007762,13.164661,0.411396
Gabon,GAB,2024,6,0,52,52,0.047469,0,2.056978,0
Gabon,GAB,2025,12,0,52,52,0.094937,0,3.291165,0
United Kingdom,GBR,2020,2344433,90475,51,51,674.240774,26.019909,3565.1428,133.20755
United Kingdom,GBR,2021,10230346,85684,52,52,2885.588149,24.168169,13519.291,142.60924
United Kingdom,GBR,2022,11584258,39186,52,52,3267.474755,11.052867,19365.58,24.200888
United Kingdom,GBR,2023,706585,16767,53,53,195.540135,4.640095,610.8011,14.241857
United Kingdom,GBR,2024,160541,0,52,52,45.282457,0,130.52345,0
United Kingdom,GBR,2025,79342,0,52,52,22.379334,0,60.238213,0
Georgia,GEO,2020,221605,2377,51,51,1145.044975,12.282087,7933.789,80.11
Georgia,GEO,2021,702763,11135,52,52,3561.383275,56.4287,8871.393,146.25346
Georgia,GEO,2022,884811,3386,52,52,4483.945608,17.15919,40010.203,98.29287
Georgia,GEO,2023,47803,243,53,53,237.679896,1.208213,841.9456,4.216316
Georgia,GEO,2024,7352,10,52,52,37.257638,0.050677,172.60544,0.790559
Georgia,GEO,2025,3,0,52,52,0.015203,0,0.26352,0
Guernsey,GGY,2020,297,16,51,51,91.349482,4.921184,1286.2745,78.43137
Guernsey,GGY,2021,6349,7,52,52,1915.233758,2.111614,15435.294,47.058823
Guernsey,GGY,2022,27148,37,52,52,8189.441904,11.161388,46054.902,62.7451
Guernsey,GGY,2023,1532,7,53,53,453.422117,2.071772,5066.6665,62.7451
Guernsey,GGY,2024,0,0,52,52,0,0,0,0
Guernsey,GGY,2025,0,0,52,52,0,0,0,0
Ghana,GHA,2020,54681,335,51,51,32.344009,0.198154,147.12292,9.080172
Ghana,GHA,2021,86614,952,52,52,50.247254,0.552282,219.0403,2.383168
Ghana,GHA,2022,29743,174,52,52,17.254764,0.100942,204.65079,0.8145
Ghana,GHA,2023,796,1,53,53,0.453069,0.000569,3.740669,0.030167
Ghana,GHA,2024,497,1,52,52,0.288324,0.00058,1.448001,0.030167
Ghana,GHA,2025,453,0,52,52,0.262798,0,2.594335,0
Gibraltar,GIB,2020,1526,6,51,51,795.130857,3.126334,9300.843,53.14767
Gibraltar,GIB,2021,6616,94,52,52,3381.009474,48.037318,21498.232,770.64124
Gibraltar,GIB,2022,12133,10,52,52,6200.391222,5.110353,27902.527,53.14767
Gibraltar,GIB,2023,275,3,53,53,137.883112,1.504179,2338.4976,53.14767
Gibraltar,GIB,2024,0,0,52,52,0,0,0,0
Gibraltar,GIB,2025,0,0,52,52,0,0,0,0
Guinea,GIN,2020,13674,80,51,51,19.076133,0.111605,44.396584,0.42689
Guinea,GIN,2021,17456,309,52,52,23.88396,0.422786,81.74947,2.419045
Guinea,GIN,2022,7081,77,52,52,9.688492,0.105354,128.49396,1.138374
Guinea,GIN,2023,361,2,53,53,0.484614,0.002685,7.257134,0.071148
Guinea,GIN,2024,10,0,52,52,0.013682,0,0.42689,0
Guinea,GIN,2025,11,0,52,52,0.015051,0,0.284593,0
Guadeloupe,GLP,2020,8620,159,51,51,439.35204,8.104057,4463.195,85.780685
Guadeloupe,GLP,2021,47175,676,52,52,2358.218939,33.79239,21302.203,296.33325
Guadeloupe,GLP,2022,144193,168,52,52,7208.026693,8.398109,44421.395,51.988293
Guadeloupe,GLP,2023,3247,22,53,53,159.250927,1.079002,1416.6809,10.397658
Guadeloupe,GLP,2024,0,0,52,52,0,0,0,0
Guadeloupe,GLP,2025,0,0,52,52,0,0,0,0
Gambia,GMB,2020,3792,123,51,51,28.20168,0.91477,321.64194,43.618896
Gambia,GMB,2021,6344,219,52,52,46.27396,1.597414,365.26083,11.378842
Gambia,GMB,2022,2450,30,52,52,17.870618,0.218824,283.71246,5.689421
Gambia,GMB,2023,40,0,53,53,0.28626,0,6.068716,0
Gambia,GMB,2024,1,0,52,52,0.007294,0,0.379295,0
Gambia,GMB,2025,0,0,52,52,0,0,0,0
Guinea-Bissau,GNB,2020,2447,45,51,51,22.787744,0.419064,181.42657,2.374693
Guinea-Bissau,GNB,2021,4019,104,52,52,36.70728,0.949877,187.60077,6.649141
Guinea-Bissau,GNB,2022,2481,27,52,52,22.660055,0.246603,204.22363,2.849632
Guinea-Bissau,GNB,2023,667,1,53,53,5.977058,0.008961,125.38381,0.474939
Guinea-Bissau,GNB,2024,0,0,52,52,0,0,0,0
Guinea-Bissau,GNB,2025,0,0,52,52,0,0,0,0
Equatorial Guinea,GNQ,2020,5236,86,51,51,56.9248,0.934976,378.69778,23.287418
Equatorial Guinea,GNQ,2021,8394,89,52,52,89.503016,0.948984,433.58954,4.435698
Equatorial Guinea,GNQ,2022,3557,8,51,52,38.67103,0.085302,643.7308,1.663387
Equatorial Guinea,GNQ,2023,41,0,53,53,0.428924,0,11.089247,0
Equatorial Guinea,GNQ,2024,0,0,52,52,0,0,0,0
Equatorial Guinea,GNQ,2025,0,0,52,52,0,0,0,0
Greece,GRC,2020,139692,4682,51,51,263.055351,8.816719,1821.9481,67.41909
Greece,GRC,2021,945395,15823,52,52,1746.046231,29.223435,4504.8823,64.15378
Greece,GRC,2022,3938076,14471,52,52,7273.2167,26.726432,23176.129,70.30025
Greece,GRC,2023,547200,3445,53,53,991.553144,6.242508,3776.0454,19.783949
Greece,GRC,2024,182017,1455,52,52,336.166466,2.687234,1720.2433,11.620669
Greece,GRC,2025,93545,306,52,52,172.767884,0.56515,527.444,2.689081
Grenada,GRD,2020,116,0,51,51,19.452225,0,436.16583,0
Grenada,GRD,2021,5840,200,52,52,960.485866,32.893351,11348.864,487.47946
Grenada,GRD,2022,13704,38,52,52,2253.852475,6.249737,15958.539,42.761356
Grenada,GRD,2023,33,0,53,53,5.324999,0,94.07499,0
Grenada,GRD,2024,0,0,52,52,0,0,0,0
Grenada,GRD,2025,0,0,52,52,0,0,0,0
Greenland,GRL,2020,26,0,51,51,9.101366,0,142.82144,0
Greenland,GRL,2021,2115,1,52,52,726.123407,0.343321,4463.17,17.85268
Greenland,GRL,2022,9830,20,52,52,3374.843121,6.866415,54397.113,107.11608
Greenland,GRL,2023,0,0,53,53,0,0,0,0
Greenland,GRL,2024,0,0,52,52,0,0,0,0
Greenland,GRL,2025,0,0,52,52,0,0,0,0
Guatemala,GTM,2020,135214,4765,51,51,148.547353,5.234873,598.5586,17.032839
Guatemala,GTM,2021,489858,11332,52,52,527.813257,12.210028,1467.2893,25.885431
Guatemala,GTM,2022,570615,3895,52,52,614.82749,4.196793,2142.4956,10.92567
Guatemala,GTM,2023,54663,211,53,53,57.787117,0.223059,533.67694,2.129105
Guatemala,GTM,2024,87,2,52,52,0.093741,0.002155,0.504262,0.056029
Guatemala,GTM,2025,4758,2,52,52,5.12666,0.002155,14.343443,0.056029
French Guiana,GUF,2020,12773,71,51,51,839.540828,4.666672,4867.273,36.87328
French Guiana,GUF,2021,34456,266,52,52,2221.163883,17.147364,5145.4985,70.39445
French Guiana,GUF,2022,50547,76,52,52,3258.450427,4.899247,37862.152,40.225395
French Guiana,GUF,2023,265,0,53,53,16.760581,0,345.26797,0
French Guiana,GUF,2024,0,0,52,52,0,0,0,0
French Guiana,GUF,2025,0,0,52,52,0,0,0,0
Guam,GUM,2020,7094,121,51,51,842.033482,14.362286,4963.8906,66.588776
Guam,GUM,2021,8166,149,52,52,950.636311,17.345678,6350.148,102.90993
Guam,GUM,2022,34678,141,52,52,4037.002889,16.414366,35733.96,66.588776
Guam,GUM,2023,2355,8,53,53,268.982115,0.91374,2439.5708,12.107051
Guam,GUM,2024,0,0,52,52,0,0,0,0
Guam,GUM,2025,0,0,52,52,0,0,0,0
Guyana,GUY,2020,6289,162,51,51,150.082793,3.866022,738.7682,18.256214
Guyana,GUY,2021,32753,880,52,52,766.597196,20.596755,1976.5396,52.334484
Guyana,GUY,2022,32962,244,52,52,771.488918,5.710918,7998.6562,49.900322
Guyana,GUY,2023,1679,13,53,53,38.556208,0.298529,293.31653,4.868324
Guyana,GUY,2024,812,3,52,52,19.005188,0.070216,107.10313,1.217081
Guyana,GUY,2025,1025,10,52,52,23.990539,0.234054,394.33426,4.868324
Honduras,HND,2020,118679,3061,51,51,222.387796,5.735885,585.06024,26.37645
Honduras,HND,2021,260414,7370,52,52,478.595084,13.544763,1012.5307,33.63953
Honduras,HND,2022,84612,634,52,52,155.50196,1.16518,671.45264,9.938951
Honduras,HND,2023,9062,51,53,53,16.340127,0.091961,232.13187,2.198037
Honduras,HND,2024,164,0,52,52,0.301403,0,2.675872,0
Honduras,HND,2025,130,0,52,52,0.238917,0,2.389171,0
Croatia,HRV,2020,204312,3613,51,51,1025.361116,18.132218,6416.3813,137.95642
Croatia,HRV,2021,488790,8666,52,52,2405.869752,42.654857,9580.933,116.45672
Croatia,HRV,2022,568664,5236,52,52,2799.016985,25.772078,15238.425,92.14158
Croatia,HRV,2023,47962,1172,53,53,231.619203,5.65985,1643.7034,23.035395
Croatia,HRV,2024,43856,97,52,52,215.863306,0.477443,870.48193,9.726055
Croatia,HRV,2025,17080,18,52,52,84.069345,0.088598,381.36374,0.767846
Haiti,HTI,2020,9846,235,51,51,16.782466,0.400556,116.485245,2.173232
Haiti,HTI,2021,16128,531,52,52,26.961453,0.887682,90.667244,3.564101
Haiti,HTI,2022,7938,94,52,52,13.27009,0.157141,101.35955,1.390869
Haiti,HTI,2023,316,0,53,53,0.518295,0,5.911192,0
Haiti,HTI,2024,536,0,52,52,0.89604,0,4.346464,0
Haiti,HTI,2025,137,0,52,52,0.229025,0,2.781737,0
Hungary,HUN,2020,316060,9047,51,51,639.927484,18.317484,4001.4216,123.49876
Hungary,HUN,2021,921270,29260,52,52,1829.426624,58.103512,7269.492,182.46011
Hungary,HUN,2022,944089,10132,52,52,1874.739798,20.119781,11202.452,90.76539
Hungary,HUN,2023,45740,552,53,53,89.115183,1.075461,454.03348,6.711889
Hungary,HUN,2024,10255,129,52,52,20.36403,0.256164,108.113045,1.548898
Hungary,HUN,2025,2776,4,52,52,5.512486,0.007943,25.918217,0.20652
Indonesia,IDN,2020,713365,21237,51,51,50.165056,1.493422,173.70767,4.866756
Indonesia,IDN,2021,3548394,122818,52,52,244.730541,8.470682,1256.2218,44.62926
Indonesia,IDN,2022,2454365,16482,52,52,169.276039,1.136753,1397.72,7.52787
Indonesia,IDN,2023,105646,1435,53,53,7.148861,0.097104,45.30709,0.627621
Indonesia,IDN,2024,8339,91,52,51,0.575136,0.006399,7.15847,0.082487
Indonesia,IDN,2025,165,0,52,52,0.01138,0,0.111179,0
Isle of Man,IMN,2020,377,35,51,51,87.84709,8.155565,1045.7765,166.37354
Isle of Man,IMN,2021,13536,32,52,52,3093.450725,7.313122,18728.906,47.535294
Isle of Man,IMN,2022,24095,49,52,52,5506.55256,11.198218,31397.062,130.72206
Isle of Man,IMN,2023,0,0,53,53,0,0,0,0
Isle of Man,IMN,2024,0,0,52,52,0,0,0,0
Isle of Man,IMN,2025,0,0,52,52,0,0,0,0
India,IND,2020,10187850,147622,51,51,140.142073,2.030659,453.38324,5.728825
India,IND,2021,24598952,332060,52,52,331.871097,4.479911,1921.5044,20.332207
India,IND,2022,9891053,51011,52,52,133.442867,0.688203,1483.84,5.533795
India,IND,2023,336066,2668,53,53,4.448411,0.035316,51.82601,0.879739
India,IND,2024,31377,300,52,52,0.423316,0.004047,3.481072,0.021748
India,IND,2025,11657,188,52,52,0.157268,0.002536,3.525269,0.028763
Ireland,IRL,2020,85176,2230,51,51,326.832241,8.556822,1744.0262,66.9274
Ireland,IRL,2021,610917,3824,52,52,2299.093806,14.391046,9278.642,88.45375
Ireland,IRL,2022,993671,2383,52,52,3739.530624,8.96806,28881.129,20.74358
Ireland,IRL,2023,39189,973,53,53,144.699202,3.592649,716.24054,12.720119
Ireland,IRL,2024,20423,313,52,52,76.858874,1.177928,232.68033,3.913883
Ireland,IRL,2025,526,41,52,52,1.979522,0.154297,6.262213,1.174165
Iran,IRN,2020,1194963,54574,51,51,261.724033,11.952945,1055.4794,36.78333
Iran,IRN,2021,4987942,76774,52,52,1071.463485,16.491879,3015.6636,50.79071
Iran,IRN,2022,1377826,13325,52,52,295.971811,2.862353,2643.038,17.782892
Iran,IRN,2023,64732,2084,53,53,13.642767,0.439219,79.19642,2.647327
Iran,IRN,2024,2400,80,52,52,0.515546,0.017185,4.322851,0.234573
Iran,IRN,2025,0,0,52,52,0,0,0,0
Iraq,IRQ,2020,590779,12767,51,51,262.84901,5.680285,689.1676,16.065147
Iraq,IRQ,2021,1501533,11355,52,52,655.213753,4.954904,1885.5673,11.844643
Iraq,IRQ,2022,373061,1252,52,52,162.790093,0.546327,1099.9861,4.061669
Iraq,IRQ,2023,172,1,53,53,0.073638,0.000428,3.902833,0.022691
Iraq,IRQ,2024,0,0,52,52,0,0,0,0
Iraq,IRQ,2025,0,0,52,52,0,0,0,0
Iceland,ISL,2020,5743,28,51,51,296.049725,1.443391,1585.3069,18.40323
Iceland,ISL,2021,18463,9,52,52,933.458386,0.455025,8725.761,7.887099
Iceland,ISL,2022,183007,149,52,52,9252.527513,7.53319,51634.207,181.40327
Iceland,ISL,2023,2578,0,53,53,127.88013,0,586.27435,0
Iceland,ISL,2024,952,0,52,52,48.131526,0,184.0323,0
Iceland,ISL,2025,429,0,52,52,21.689522,0,73.61292,0
Israel,ISR,2020,399105,3242,51,51,859.657835,6.983152,4737.704,28.232008
Israel,ISR,2021,965663,5009,52,52,2040.003357,10.581721,7251.5615,41.853676
Israel,ISR,2022,3391936,3775,52,52,7165.60627,7.974845,54347.492,48.2251
Israel,ISR,2023,84854,681,53,53,175.875394,1.411497,810.04987,5.0532
Israel,ISR,2024,0,0,52,52,0,0,0,0
Israel,ISR,2025,119,0,52,52,0.251392,0,2.746304,0
Italy,ITA,2020,2039182,71627,51,51,670.656833,23.557062,4060.1414,89.55183
Italy,ITA,2021,3583249,64903,52,52,1155.814626,20.935145,4320.41,57.179657
Italy,ITA,2022,19438072,47638,52,52,6269.954387,15.366138,21270.916,44.07983
Italy,ITA,2023,1601898,10879,53,53,506.959813,3.442926,2219.557,12.57986
Italy,ITA,2024,295487,3191,52,52,95.312437,1.029291,364.04437,5.484819
Italy,ITA,2025,11689,285,52,52,3.77041,0.09193,28.698854,0.738018
Jamaica,JAM,2020,12684,294,51,51,87.598713,2.030434,399.76755,10.918761
Jamaica,JAM,2021,79671,2168,52,52,539.645533,14.684785,1733.9697,39.448425
Jamaica,JAM,2022,60436,1002,52,52,409.358707,6.786972,3238.2932,23.598612
Jamaica,JAM,2023,3855,136,53,53,25.618882,0.903805,97.2122,4.226617
Jamaica,JAM,2024,703,22,52,52,4.761718,0.149015,20.42865,1.76109
Jamaica,JAM,2025,315,13,52,52,2.133629,0.088054,8.101016,1.408872
Jersey,JEY,2020,2643,41,51,51,500.744303,7.767883,5584.919,77.29991
Jersey,JEY,2021,14829,48,52,52,2755.481776,8.919221,15943.107,125.61236
Jersey,JEY,2022,47914,57,52,52,8903.240646,10.591574,34156.9,38.649956
Jersey,JEY,2023,1005,15,53,53,183.222675,2.734667,4019.5955,38.649956
Jersey,JEY,2024,0,0,52,52,0,0,0,0
Jersey,JEY,2025,0,0,52,52,0,0,0,0
Jordan,JOR,2020,286356,3729,51,51,498.817458,6.495727,3274.2644,46.462997
Jordan,JOR,2021,765065,8715,52,52,1307.075058,14.889139,5123.0117,60.76614
Jordan,JOR,2022,695576,1678,52,52,1188.35659,2.866779,12132.528,21.321451
Jordan,JOR,2023,0,0,53,53,0,0,0,0
Jordan,JOR,2024,0,0,52,52,0,0,0,0
Jordan,JOR,2025,0,0,52,52,0,0,0,0
Japan,JPN,2020,217312,3213,51,51,34.088816,0.50401,171.45932,2.720052
Japan,JPN,2021,1514477,15174,52,52,233.000963,2.334507,1246.4801,6.432124
Japan,JPN,2022,26534616,37426,52,52,4082.327484,5.757957,11975.976,16.664322
Japan,JPN,2023,5537167,18895,53,53,835.814961,2.852131,8564.134,87.8497
Japan,JPN,2024,0,0,52,52,0,0,0,0
Japan,JPN,2025,0,0,52,52,0,0,0,0
Kazakhstan,KAZ,2020,197142,2669,51,51,192.942564,2.612146,953.74945,16.172012
Kazakhstan,KAZ,2021,872722,15516,52,52,837.706042,14.893456,2796.8098,114.352104
Kazakhstan,KAZ,2022,422357,872,52,52,405.410907,0.837013,4854.499,7.536956
Kazakhstan,KAZ,2023,10984,15,53,53,10.344362,0.014127,75.51931,0.149741
Kazakhstan,KAZ,2024,1165,0,52,52,1.118257,0,7.387216,0
Kazakhstan,KAZ,2025,0,0,52,52,0,0,0,0
Kenya,KEN,2020,95843,1655,51,51,34.639435,0.598148,138.31631,2.691122
Kenya,KEN,2021,185515,3704,52,52,65.759162,1.31295,350.6385,4.184142
Kenya,KEN,2022,61112,329,52,52,21.662259,0.11662,291.17575,1.032211
Kenya,KEN,2023,1640,1,53,53,0.570359,0.000348,5.10576,0.018432
Kenya,KEN,2024,29,0,52,52,0.01028,0,0.110594,0
Kenya,KEN,2025,24,0,52,52,0.008507,0,0.055297,0
Kyrgyzstan,KGZ,2020,0,0,51,51,0,0,0,0
Kyrgyzstan,KGZ,2021,68891,860,52,52,190.46385,2.377653,1455.4777,11.932502
Kyrgyzstan,KGZ,2022,19564,164,52,52,54.088848,0.453413,769.4307,3.594127
Kyrgyzstan,KGZ,2023,488,0,53,53,1.323724,0,5.750603,0
Kyrgyzstan,KGZ,2024,10,0,52,52,0.027647,0,0.718825,0
Kyrgyzstan,KGZ,2025,0,0,52,52,0,0,0,0
Cambodia,KHM,2020,364,0,51,51,0.414915,0,3.139221,0
Cambodia,KHM,2021,120085,3008,52,52,134.249761,3.362812,387.63562,11.859279
Cambodia,KHM,2022,18046,48,52,52,20.174636,0.053662,199.45679,0.872006
Cambodia,KHM,2023,519,0,53,53,0.569272,0,5.173901,0
Cambodia,KHM,2024,312,0,52,52,0.348802,0,2.49975,0
Cambodia,KHM,2025,0,0,52,52,0,0,0,0
Kiribati,KIR,2020,0,0,51,51,0,0,0,0
Kiribati,KIR,2021,0,0,52,52,0,0,0,0
Kiribati,KIR,2022,3430,13,52,52,505.518262,1.915958,9035.66,61.31067
Kiribati,KIR,2023,1655,11,53,53,239.31405,1.590607,11426.776,45.983
Kiribati,KIR,2024,0,0,52,52,0,0,0,0
Kiribati,KIR,2025,0,0,52,52,0,0,0,0
Saint Kitts and Nevis,KNA,2020,30,0,51,51,12.58742,0,149.7903,0
Saint Kitts and Nevis,KNA,2021,2806,28,52,52,1154.702105,11.52233,8473.851,85.59445
Saint Kitts and Nevis,KNA,2022,3726,18,52,52,1533.292934,7.407212,21676.795,106.993065
Saint Kitts and Nevis,KNA,2023,45,0,53,53,18.168634,0,192.58752,0
Saint Kitts and Nevis,KNA,2024,0,0,52,52,0,0,0,0
Saint Kitts and Nevis,KNA,2025,0,0,52,52,0,0,0,0
South Korea,KOR,2020,56855,808,51,51,21.528578,0.305955,139.06238,2.587746
South Korea,KOR,2021,554812,4492,52,52,206.043711,1.66822,913.97644,10.119246
South Korea,KOR,2022,28047388,26582,52,52,10416.119156,9.87191,52456.855,46.907726
South Korea,KOR,2023,5912818,4059,53,53,2154.445458,1.478972,12574.303,21.5903
South Korea,KOR,2024,0,0,52,52,0,0,0,0
South Korea,KOR,2025,0,0,52,52,0,0,0,0
Kuwait,KWT,2020,149449,929,51,51,638.492998,3.968979,1451.5698,12.637504
Kuwait,KWT,2021,265462,1539,52,52,1112.326595,6.448647,2734.9302,24.185568
Kuwait,KWT,2022,248007,102,52,52,1039.18746,0.427396,8923.603,3.050432
Kuwait,KWT,2023,3668,0,53,53,15.079494,0,118.31318,0
Kuwait,KWT,2024,704,0,52,52,2.949868,0,26.146559,0
Kuwait,KWT,2025,0,0,52,52,0,0,0,0
Laos,LAO,2020,41,0,51,51,0.106353,0,1.852095,0
Laos,LAO,2021,106190,325,52,52,270.156534,0.826828,1255.0588,6.879209
Laos,LAO,2022,111411,346,52,52,283.439205,0.880254,2059.3972,7.672965
Laos,LAO,2023,1264,0,53,53,3.155051,0,20.10846,0
Laos,LAO,2024,154,0,52,52,0.391789,0,7.40838,0
Laos,LAO,2025,0,0,52,52,0,0,0,0
Lebanon,LBN,2020,169472,1379,51,51,578.46375,4.706981,2245.9775,18.974697
Lebanon,LBN,2021,541787,7648,52,52,1813.734057,25.603121,5849.9517,92.43637
Lebanon,LBN,2022,510867,1717,52,52,1710.223524,5.747981,10062.335,22.804453
Lebanon,LBN,2023,17778,203,53,53,58.392276,0.666758,267.38657,2.785277
Lebanon,LBN,2024,0,0,52,52,0,0,0,0
Lebanon,LBN,2025,0,0,52,52,0,0,0,0
Liberia,LBR,2020,1821,89,51,51,6.64506,0.324772,31.26572,3.536004
Liberia,LBR,2021,4407,198,52,52,15.772439,0.708632,212.53246,7.258113
Liberia,LBR,2022,1822,7,52,52,6.52085,0.025053,96.030426,0.744422
Liberia,LBR,2023,40,1,53,53,0.140457,0.003511,2.791582,0.186105
Liberia,LBR,2024,2,0,52,52,0.007158,0,0.186105,0
Liberia,LBR,2025,0,0,52,52,0,0,0,0
Libya,LBY,2020,97653,1415,51,51,265.063212,3.840788,930.39624,12.597241
Libya,LBY,2021,287010,4226,52,52,764.060468,11.250199,2700.7932,24.91762
Libya,LBY,2022,122458,796,52,52,326.000196,2.119063,3645.3093,11.905085
Libya,LBY,2023,148,0,53,53,0.386563,0,3.183918,0
Libya,LBY,2024,0,0,52,52,0,0,0,0
Libya,LBY,2025,0,0,52,52,0,0,0,0
Saint Lucia,LCA,2020,305,5,51,51,33.448506,0.548336,279.65143,11.186058
Saint Lucia,LCA,2021,12970,290,52,52,1395.030457,31.191892,5693.703,184.56995
Saint Lucia,LCA,2022,16473,114,52,52,1771.806982,12.26164,12947.861,83.89543
Saint Lucia,LCA,2023,482,1,53,53,50.864905,0.105529,441.84927,5.593029
Saint Lucia,LCA,2024,1,0,52,52,0.107558,0,5.593029,0
Saint Lucia,LCA,2025,22,0,52,52,2.366281,0,27.965145,0
Liechtenstein,LIE,2020,2088,39,51,51,1040.753888,19.439369,6533.123,330.46927
Liechtenstein,LIE,2021,3971,30,52,52,1941.262492,14.665796,10397.071,152.52428
Liechtenstein,LIE,2022,15222,18,52,52,7441.42484,8.799478,29208.398,76.26214
Liechtenstein,LIE,2023,286,1,53,53,137.175923,0.479636,711.77997,25.420713
Liechtenstein,LIE,2024,46,1,52,52,22.487554,0.48886,101.68285,25.420713
Liechtenstein,LIE,2025,34,0,52,52,16.621236,0,101.68285,0
Sri Lanka,LKA,2020,41054,197,51,51,35.252097,0.169159,215.15251,1.269982
Sri Lanka,LKA,2021,542595,14693,52,52,456.953589,12.373905,1818.2205,61.70362
Sri Lanka,LKA,2022,88202,1931,52,52,74.280486,1.626217,420.23276,9.327801
Sri Lanka,LKA,2023,856,75,53,53,0.70729,0.06197,3.634777,0.437925
Sri Lanka,LKA,2024,105,17,52,52,0.088427,0.014317,0.613095,0.131377
Sri Lanka,LKA,2025,0,0,52,52,0,0,0,0
Lesotho,LSO,2020,2577,64,51,51,22.102772,0.548924,127.727776,8.748478
Lesotho,LSO,2021,25605,601,52,52,215.389207,5.055611,1160.923,24.058313
Lesotho,LSO,2022,6308,41,52,52,53.062882,0.344892,789.98755,4.374239
Lesotho,LSO,2023,1648,3,53,53,13.601408,0.02476,588.7726,1.312272
Lesotho,LSO,2024,0,0,52,52,0,0,0,0
Lesotho,LSO,2025,2,0,52,52,0.016824,0,0.437424,0
Lithuania,LTU,2020,134219,1617,51,51,934.26235,11.255502,7361.5786,113.954124
Lithuania,LTU,2021,381787,5685,52,52,2606.410484,38.81076,7459.9126,115.72911
Lithuania,LTU,2022,770216,2167,52,52,5258.165069,14.793829,31346.969,57.15456
Lithuania,LTU,2023,81925,304,53,53,548.738719,2.036211,2178.6184,6.744948
Lithuania,LTU,2024,51271,95,52,52,350.020492,0.648553,1718.5419,3.549973
Lithuania,LTU,2025,26696,42,52,52,182.250141,0.286729,1148.0612,1.774986
Luxembourg,LUX,2020,38383,285,51,51,1151.983105,8.553661,5560.87,48.980965
Luxembourg,LUX,2021,57505,350,52,52,1692.698609,10.302487,4642.477,50.511623
Luxembourg,LUX,2022,268979,320,52,52,7917.578931,9.419417,28183.955,33.674416
Luxembourg,LUX,2023,25170,45,53,53,726.916821,1.299613,2782.7312,10.714586
Luxembourg,LUX,2024,6802,0,52,52,200.221474,0,538.79065,0
Luxembourg,LUX,2025,4114,0,52,52,121.098376,0,446.95132,0
Latvia,LVA,2020,36330,632,51,51,378.697816,6.587862,2865.4072,67.51516
Latvia,LVA,2021,235099,4183,52,52,2403.504946,42.764373,9014.603,140.8781
Latvia,LVA,2022,699090,2196,52,52,7147.05833,22.450529,36424.695,66.98354
Latvia,LVA,2023,7182,454,53,53,72.038907,4.553838,705.4537,24.985926
Latvia,LVA,2024,68,82,52,52,0.695189,0.838317,10.632309,5.84777
Latvia,LVA,2025,19,132,52,52,0.194244,1.349485,1.594846,5.316154
Saint Martin (French part),MAF,2020,986,12,51,51,668.996635,8.141947,3806.36,103.80982
Saint Martin (French part),MAF,2021,3132,27,52,52,2084.181798,17.967085,7232.084,242.22292
Saint Martin (French part),MAF,2022,8062,7,52,52,5364.838327,4.658133,79414.516,34.603275
Saint Martin (French part),MAF,2023,144,0,53,53,94.016443,0,899.6851,0
Saint Martin (French part),MAF,2024,0,0,52,52,0,0,0,0
Saint Martin (French part),MAF,2025,0,0,52,52,0,0,0,0
Morocco,MAR,2020,430562,7204,51,51,226.161344,3.784046,965.0924,14.974925
Morocco,MAR,2021,525025,7623,52,52,270.476472,3.927131,1735.484,19.93085
Morocco,MAR,2022,315657,1467,52,52,162.616623,0.755753,1359.6107,6.616828
Morocco,MAR,2023,7025,6,53,53,3.550776,0.003033,9.992213,0.053578
Morocco,MAR,2024,846,5,52,52,0.435833,0.002576,4.125471,0.026789
Morocco,MAR,2025,0,0,52,52,0,0,0,0
Monaco,MCO,2020,645,3,51,51,324.699841,1.510232,1643.1322,25.67394
Monaco,MCO,2021,3960,35,52,52,1955.169349,17.280537,9679.076,205.39153
Monaco,MCO,2022,11834,27,52,52,5842.79648,13.3307,24364.57,77.02182
Monaco,MCO,2023,742,2,53,53,359.435172,0.968828,1206.6752,51.34788
Monaco,MCO,2024,0,0,52,52,0,0,0,0
Monaco,MCO,2025,0,0,52,52,0,0,0,0
Moldova,MDA,2020,140996,2960,51,51,909.421109,19.091935,3344.0942,60.855545
Moldova,MDA,2021,233353,7224,52,52,1476.177097,45.698591,3842.123,157.56651
Moldova,MDA,2022,221751,1745,52,52,1402.783546,11.038765,10278.337,56.57921
Moldova,MDA,2023,34961,245,53,53,216.988339,1.520613,1217.7688,7.565824
Moldova,MDA,2024,19806,109,52,52,125.291568,0.689527,879.93823,3.289489
Moldova,MDA,2025,5581,7,52,52,35.305071,0.044282,334.54102,0.328949
Madagascar,MDG,2020,17714,261,51,51,11.411452,0.168138,79.0807,1.117052
Madagascar,MDG,2021,32565,766,52,52,20.57511,0.483971,136.0832,2.201249
Madagascar,MDG,2022,17456,389,52,52,11.028992,0.245777,70.80138,1.774141
Madagascar,MDG,2023,747,10,53,53,0.463062,0.006199,2.562648,0.065709
Madagascar,MDG,2024,121,2,52,52,0.07645,0.001264,0.361399,0.032854
Madagascar,MDG,2025,141,0,52,52,0.089086,0,0.427108,0
Maldives,MDV,2020,13644,48,51,51,510.439318,1.795741,1896.5267,7.631898
Maldives,MDV,2021,81220,213,52,52,2980.1095,7.815357,21752.818,61.055187
Maldives,MDV,2022,90814,50,52,52,3332.130799,1.834591,35612.344,15.263797
Maldives,MDV,2023,1016,5,53,53,36.575513,0.179998,379.68695,3.815949
Maldives,MDV,2024,0,0,52,52,0,0,0,0
Maldives,MDV,2025,0,0,52,52,0,0,0,0
Mexico,MEX,2020,1453414,143890,51,51,221.581707,21.936896,602.06146,44.902107
Mexico,MEX,2021,2548565,159365,52,52,381.072065,23.828919,1050.756,76.79621
Mexico,MEX,2022,3243611,28067,52,52,484.998235,4.196695,3163.091,30.331276
Mexico,MEX,2023,362826,2804,53,53,53.227648,0.411355,248.2795,2.340352
Mexico,MEX,2024,14097,692,52,52,2.107842,0.103471,7.417595,0.303235
Mexico,MEX,2025,7225,272,52,52,1.080312,0.040671,3.055676,0.14773
Marshall Islands,MHL,2020,4,0,51,51,1.956187,0,74.824165,0
Marshall Islands,MHL,2021,0,0,52,52,0,0,0,0
Marshall Islands,MHL,2022,15540,17,52,52,7453.63783,8.153915,226617.45,224.47249
Marshall Islands,MHL,2023,594,0,53,53,279.531781,0,7233.0024,0
Marshall Islands,MHL,2024,159,0,52,52,76.263087,0,1745.8971,0
Marshall Islands,MHL,2025,0,0,52,52,0,0,0,0
North Macedonia,MKD,2020,81796,2896,51,51,871.542085,30.857082,4066.3262,148.35054
North Macedonia,MKD,2021,141513,5456,52,52,1478.834169,57.016098,4304.883,176.06438
North Macedonia,MKD,2022,122279,1524,52,52,1277.835689,15.926051,6456.2373,109.76853
North Macedonia,MKD,2023,4728,89,53,53,48.476145,0.912516,153.24121,5.434086
North Macedonia,MKD,2024,1749,25,52,52,18.277338,0.261254,147.26372,2.173634
North Macedonia,MKD,2025,28,1,52,52,0.292605,0.01045,3.260451,0.543409
Mali,MLI,2020,6574,250,51,51,5.586788,0.212458,28.561966,1.343583
Mali,MLI,2021,13437,403,52,52,11.199578,0.335896,55.260254,1.430265
Mali,MLI,2022,12757,90,52,52,10.632806,0.075014,165.5207,0.693462
Mali,MLI,2023,396,0,53,53,0.323834,0,4.42082,0
Mali,MLI,2024,19,0,52,52,0.015836,0,0.216707,0
Mali,MLI,2025,16,0,52,52,0.013336,0,0.173366,0
Malta,MLT,2020,12616,227,51,51,468.336541,8.426791,1717.1721,49.22434
Malta,MLT,2021,34820,266,52,52,1267.745141,9.68467,9771.031,39.758118
Malta,MLT,2022,68801,341,52,52,2504.943574,12.41531,15369.353,49.22434
Malta,MLT,2023,4903,61,53,53,175.142911,2.179017,456.27176,7.572975
Malta,MLT,2024,2470,113,52,52,89.929079,4.114164,581.2258,18.932438
Malta,MLT,2025,1662,95,52,52,60.510983,3.458811,278.30682,15.14595
Myanmar,MMR,2020,121886,2601,51,51,44.45804,0.948717,188.4227,4.464552
Myanmar,MMR,2021,407727,16653,52,52,145.858852,5.957387,744.16644,48.73803
Myanmar,MMR,2022,103999,236,52,52,37.204244,0.084426,381.92383,0.632478
Myanmar,MMR,2023,7836,4,53,53,2.750333,0.001404,22.657602,0.037205
Myanmar,MMR,2024,1793,0,52,52,0.641422,0,2.046253,0
Myanmar,MMR,2025,160,0,52,52,0.057238,0,0.96732,0
Montenegro,MNE,2020,35210,543,51,51,1123.229939,17.322177,6195.406,79.7203
Montenegro,MNE,2021,122800,1733,52,52,3842.092734,54.221065,20494.623,113.88614
Montenegro,MNE,2022,85963,340,52,52,2689.558784,10.637716,27773.574,74.83946
Montenegro,MNE,2023,7307,38,53,53,224.303503,1.166489,1031.483,9.761669
Montenegro,MNE,2024,0,0,52,52,0,0,0,0
Montenegro,MNE,2025,0,0,52,52,0,0,0,0
Mongolia,MNG,2020,1121,1,51,51,6.491522,0.005791,62.905804,0.295332
Mongolia,MNG,2021,689829,1980,52,52,3917.862839,11.24535,15887.998,36.030556
Mongolia,MNG,2022,316364,155,52,52,1796.779698,0.880318,15719.363,5.611316
Mongolia,MNG,2023,4020,0,53,53,22.400685,0,209.09535,0
Mongolia,MNG,2024,155,0,52,52,0.880318,0,3.543989,0
Mongolia,MNG,2025,0,0,52,52,0,0,0,0
Northern Mariana Islands,MNP,2020,122,2,51,51,51.889479,0.850647,195.22353,21.691504
Northern Mariana Islands,MNP,2021,2771,9,52,52,1155.906851,3.754299,17439.969,65.07451
Northern Mariana Islands,MNP,2022,10343,30,52,52,4314.523438,12.514329,30975.467,130.14902
Northern Mariana Islands,MNP,2023,1105,0,53,53,452.247383,0,5509.642,0
Northern Mariana Islands,MNP,2024,644,0,52,52,268.640928,0,1258.1072,0
Northern Mariana Islands,MNP,2025,0,0,52,52,0,0,0,0
Mozambique,MOZ,2020,18162,159,51,51,10.905041,0.095469,45.84116,0.398086
Mozambique,MOZ,2021,146700,1801,52,52,86.389421,1.060582,406.2929,5.420097
Mozambique,MOZ,2022,66108,270,52,52,38.930006,0.158999,822.5074,1.990431
Mozambique,MOZ,2023,2761,20,53,53,1.595234,0.011555,18.06699,0.183732
Mozambique,MOZ,2024,150,2,52,52,0.088333,0.001178,0.673684,0.030622
Mozambique,MOZ,2025,51,0,52,52,0.030033,0,0.275598,0
Mauritania,MRT,2020,13516,337,51,51,54.355815,1.355276,561.1566,30.560066
Mauritania,MRT,2021,26937,525,52,52,106.24632,2.070732,464.75912,7.588741
Mauritania,MRT,2022,23021,135,52,52,90.80063,0.532474,1289.6758,5.127528
Mauritania,MRT,2023,483,0,53,53,1.869129,0,25.84274,0
Mauritania,MRT,2024,93,0,52,52,0.366815,0,3.281618,0
Mauritania,MRT,2025,11,0,52,52,0.043387,0,0.820404,0
Montserrat,MSR,2020,13,1,51,51,56.948605,4.380662,893.655,223.41376
Montserrat,MSR,2021,32,0,52,52,137.485392,0,1563.8964,0
Montserrat,MSR,2022,1358,7,52,52,5834.536413,30.074928,65907.06,893.655
Montserrat,MSR,2023,0,0,53,53,0,0,0,0
Montserrat,MSR,2024,0,0,52,52,0,0,0,0
Montserrat,MSR,2025,0,0,52,52,0,0,0,0
Martinique,MTQ,2020,6072,42,51,51,340.691759,2.356563,2913.0493,17.169249
Martinique,MTQ,2021,41756,733,52,52,2297.817763,40.336729,14948.692,380.58502
Martinique,MTQ,2022,179562,304,52,52,9881.232732,16.729012,39163.055,94.43087
Martinique,MTQ,2023,2964,25,53,53,160.030357,1.349784,1184.6782,14.307707
Martinique,MTQ,2024,0,0,52,52,0,0,0,0
Martinique,MTQ,2025,0,0,52,52,0,0,0,0
Mauritius,MUS,2020,527,10,51,51,8.097373,0.15365,96.384865,3.918084
Mauritius,MUS,2021,89563,752,52,52,1349.674375,11.332304,9329.741,98.73571
Mauritius,MUS,2022,201116,277,52,52,3030.728276,4.174266,15427.063,28.99382
Mauritius,MUS,2023,32514,21,53,53,480.726712,0.31049,2529.515,1.567234
Mauritius,MUS,2024,6680,14,52,52,100.664617,0.210974,1292.1841,3.134467
Mauritius,MUS,2025,1724,0,52,52,25.97991,0,392.592,0
Malawi,MWI,2020,6343,188,51,51,6.046681,0.179217,31.601366,1.652994
Malawi,MWI,2021,64339,2140,52,52,60.153855,2.000796,323.598,9.383175
Malawi,MWI,2022,17572,357,52,52,16.428971,0.333778,250.1856,2.917049
Malawi,MWI,2023,1008,1,53,53,0.924649,0.000917,3.305989,0.048617
Malawi,MWI,2024,0,0,52,52,0,0,0,0
Malawi,MWI,2025,0,0,52,52,0,0,0,0
Malaysia,MYS,2020,103900,451,51,51,58.71814,0.254879,343.8775,1.18171
Malaysia,MYS,2021,2637279,30883,52,52,1461.772057,17.117607,4352.0347,78.74221
Malaysia,MYS,2022,2282127,5501,52,52,1264.92096,3.049055,5850.068,17.091557
Malaysia,MYS,2023,204016,458,53,53,110.946929,0.249067,746.8405,2.219308
Malaysia,MYS,2024,102514,58,52,52,56.820723,0.032148,855.6442,0.634088
Malaysia,MYS,2025,0,0,52,52,0,0,0,0
Mayotte,MYT,2020,5767,54,51,51,370.41012,3.46838,1215.2817,16.37846
Mayotte,MYT,2021,16396,131,51,52,1053.102897,8.252224,9106.424,75.34092
Mayotte,MYT,2022,20681,2,52,52,1302.780524,0.125988,29762.938,3.275692
Mayotte,MYT,2023,58,0,53,53,3.58472,0,78.61661,0
Mayotte,MYT,2024,0,0,52,52,0,0,0,0
Mayotte,MYT,2025,0,0,52,52,0,0,0,0
Namibia,NAM,2020,21923,195,51,51,148.758523,1.323173,1110.5082,8.305452
Namibia,NAM,2021,124174,3416,52,52,826.379195,22.733514,4141.306,177.52904
Namibia,NAM,2022,24181,471,52,52,160.924798,3.13451,1261.0446,33.56787
Namibia,NAM,2023,1971,21,53,53,12.869534,0.137118,175.45268,1.038182
Namibia,NAM,2024,307,7,52,52,2.043088,0.046585,19.379389,0.692121
Namibia,NAM,2025,1,0,52,52,0.006655,0,0.34606,0
New Caledonia,NCL,2020,38,0,51,51,2.594985,0,38.310173,0
New Caledonia,NCL,2021,12679,280,52,52,849.186497,18.753232,9243.2,233.34378
New Caledonia,NCL,2022,66445,34,52,52,4450.208824,2.277178,32260.648,41.792915
New Caledonia,NCL,2023,903,0,53,53,59.338057,0,1445.3384,0
New Caledonia,NCL,2024,139,0,52,52,9.30964,0,344.79156,0
New Caledonia,NCL,2025,0,0,52,52,0,0,0,0
Niger,NER,2020,3109,101,51,51,2.408377,0.078239,19.55596,2.251898
Niger,NER,2021,4159,173,52,52,3.159799,0.131437,15.091669,0.711126
Niger,NER,2022,2218,40,52,52,1.685125,0.03039,20.662155,0.316056
Niger,NER,2023,29,1,53,53,0.021617,0.000745,0.711126,0.039507
Niger,NER,2024,14,0,52,52,0.010637,0,0.118521,0
Niger,NER,2025,46,0,52,52,0.034949,0,0.237042,0
Nigeria,NGA,2020,83576,1247,51,51,7.343663,0.109572,25.28782,0.448127
Nigeria,NGA,2021,152438,1767,52,52,13.13685,0.152277,56.154823,0.721485
Nigeria,NGA,2022,30401,141,52,52,2.619907,0.012151,30.754972,0.170288
Nigeria,NGA,2023,773,0,53,53,0.065359,0,1.617739,0
Nigeria,NGA,2024,2,0,52,52,0.000172,0,0.004481,0
Nigeria,NGA,2025,40,0,52,52,0.003447,0,0.013444,0
Nicaragua,NIC,2020,4790,164,51,51,13.954284,0.477767,90.03572,2.674328
Nicaragua,NIC,2021,8741,52,52,52,24.974683,0.148574,76.66408,0.148574
Nicaragua,NIC,2022,1834,29,52,52,5.240084,0.082859,12.628773,0.297148
Nicaragua,NIC,2023,750,0,53,53,2.102459,0,15.005954,0
Nicaragua,NIC,2024,82,0,52,52,0.23429,0,1.040016,0
Nicaragua,NIC,2025,606,0,52,52,1.731456,0,10.697313,0
Niue,NIU,2020,0,0,51,51,0,0,0,0
Niue,NIU,2021,0,0,52,52,0,0,0,0
Niue,NIU,2022,335,0,52,52,3493.659335,0,41214.75,0
Niue,NIU,2023,658,0,53,53,6732.697591,0,84056.4,0
Niue,NIU,2024,99,0,52,52,1032.454556,0,35791.758,0
Niue,NIU,2025,0,0,52,52,0,0,0,0
Netherlands,NLD,2020,773198,11539,51,51,846.759867,12.636817,4361.381,66.18477
Netherlands,NLD,2021,2312304,9421,52,52,2483.598018,10.118902,8631.835,37.197517
Netherlands,NLD,2022,5480565,2016,52,52,5886.561756,2.165344,34980.3,7.372481
Netherlands,NLD,2023,65388,10,53,53,68.906772,0.010538,324.2216,0.558521
Netherlands,NLD,2024,17364,0,52,52,18.650314,0,61.269783,0
Netherlands,NLD,2025,7489,0,52,52,8.04378,0,23.513746,0
Norway,NOR,2020,47244,421,51,51,169.761329,1.512775,745.85895,9.162886
Norway,NOR,2021,328046,914,52,52,1156.095435,3.221107,6203.091,13.561071
Norway,NOR,2022,1099234,3410,52,52,3873.906167,12.017477,25983.014,37.201317
Norway,NOR,2023,29405,987,53,53,101.673458,3.412743,374.9453,20.341606
Norway,NOR,2024,27957,0,52,52,98.525695,0,240.43413,0
Norway,NOR,2025,16766,0,52,52,59.086518,0,125.53154,0
Nepal,NPL,2020,258181,2720,51,51,170.361718,1.794802,869.6827,7.740085
Nepal,NPL,2021,569090,8865,52,52,368.294745,5.737112,2031.032,45.262672
Nepal,NPL,2022,173695,434,52,52,112.409206,0.280869,1906.6185,2.692204
Nepal,NPL,2023,2484,12,53,53,1.577225,0.007619,14.134068,0.168263
Nepal,NPL,2024,0,0,52,52,0,0,0,0
Nepal,NPL,2025,518,3,52,52,0.335231,0.001942,2.019153,0.033653
Nauru,NRU,2020,0,0,51,51,0,0,0,0
Nauru,NRU,2021,0,0,52,52,0,0,0,0
Nauru,NRU,2022,4621,1,52,52,7516.950087,1.626693,173828.45,84.58806
Nauru,NRU,2023,772,0,53,53,1232.11283,0,25883.945,0
Nauru,NRU,2024,0,0,52,52,0,0,0,0
Nauru,NRU,2025,0,0,52,52,0,0,0,0
New Zealand,NZL,2020,1789,25,51,51,6.835594,0.095523,79.895065,1.364062
New Zealand,NZL,2021,11740,25,52,52,43.994752,0.093686,253.71556,1.364062
New Zealand,NZL,2022,2014452,2238,52,52,7549.004722,8.386734,27434.602,45.98838
New Zealand,NZL,2023,412394,1335,53,53,1516.256183,4.908418,7840.6294,28.45044
New Zealand,NZL,2024,223006,874,52,52,835.697929,3.275248,14294.787,15.004684
New Zealand,NZL,2025,4855,41,52,52,18.193741,0.153644,528.2818,5.066516
Oman,OMN,2020,128290,1491,51,51,531.790364,6.180524,2284.6675,18.60375
Oman,OMN,2021,176768,2989,52,52,718.651167,12.151794,2980.8281,66.17016
Oman,OMN,2022,94250,148,52,52,383.173841,0.601695,3162.6377,7.822031
Oman,OMN,2023,141,0,53,53,0.56242,0,7.399219,0
Oman,OMN,2024,0,0,52,52,0,0,0,0
Oman,OMN,2025,0,0,52,52,0,0,0,0
Pakistan,PAK,2020,469482,9816,51,51,37.77392,0.789783,161.10338,3.409921
Pakistan,PAK,2021,823599,19089,52,52,64.991379,1.50634,163.5531,3.931052
Pakistan,PAK,2022,282570,1730,52,52,22.298004,0.136517,205.14511,1.161261
Pakistan,PAK,2023,4980,21,53,53,0.385564,0.001626,3.491989,0.01231
Pakistan,PAK,2024,0,0,52,52,0,0,0,0
Pakistan,PAK,2025,0,0,52,52,0,0,0,0
Panama,PAN,2020,226660,3756,51,51,1009.893409,16.73502,4624.1855,57.26264
Panama,PAN,2021,259717,3653,52,52,1134.926844,15.963097,5295.431,74.07786
Panama,PAN,2022,537401,1158,52,52,2348.366936,5.060298,15500.451,30.221949
Panama,PAN,2023,19049,88,53,52,81.670864,0.384548,469.46277,2.045094
Panama,PAN,2024,2234,110,52,52,9.762266,0.480685,103.845345,4.090189
Panama,PAN,2025,591,65,52,52,2.582587,0.284041,9.316541,0.908931
Pitcairn,PCN,2020,0,0,51,51,0,0,0,0
Pitcairn,PCN,2021,0,0,52,52,0,0,0,0
Pitcairn,PCN,2022,4,0,52,52,1709.401731,0,88888.89,0
Pitcairn,PCN,2023,0,0,53,53,0,0,0,0
Pitcairn,PCN,2024,0,0,52,52,0,0,0,0
Pitcairn,PCN,2025,0,0,52,52,0,0,0,0
Peru,PER,2020,1005546,92523,51,51,588.986753,54.194259,1785.5182,132.60469
Peru,PER,2021,1267339,109931,52,52,728.053362,63.152506,1814.4349,171.08067
Peru,PER,2022,2165893,15553,52,52,1244.2493,8.934795,9760.291,45.824646
Peru,PER,2023,66442,2509,53,53,37.449031,1.41416,461.77142,10.634664
Peru,PER,2024,23488,478,52,52,13.493246,0.274599,273.36462,3.017138
Peru,PER,2025,4722,73,52,52,2.712666,0.041937,34.980873,0.507835
Philippines,PHL,2020,469003,9067,51,51,80.693111,1.559999,273.01523,5.598242
Philippines,PHL,2021,2369471,42133,52,52,399.833392,7.10968,1284.7001,14.41679
Philippines,PHL,2022,1220895,14062,52,52,206.018385,2.372874,2105.4216,6.642428
Philippines,PHL,2023,137910,1538,53,53,22.832365,0.254631,110.76272,3.50987
Philippines,PHL,2024,8183,69,52,52,1.38083,0.011643,28.245676,0.377311
Philippines,PHL,2025,0,0,52,52,0,0,0,0
Palau,PLW,2020,0,0,51,51,0,0,0,0
Palau,PLW,2021,8,0,52,52,8.650818,0,168.69096,0
Palau,PLW,2022,5960,9,52,52,6444.859779,9.732171,57861,337.38193
Palau,PLW,2023,299,0,53,53,317.223879,0,3092.6675,0
Palau,PLW,2024,107,1,52,52,115.704691,1.081352,2361.6733,56.23032
Palau,PLW,2025,0,0,52,52,0,0,0,0
Papua New Guinea,PNG,2020,780,9,51,51,1.498956,0.017296,9.604852,0.196017
Papua New Guinea,PNG,2021,35350,581,52,52,66.627061,1.095059,297.7504,9.408834
Papua New Guinea,PNG,2022,10562,79,52,52,19.907073,0.148898,140.44646,2.548226
Papua New Guinea,PNG,2023,172,31,53,53,0.318066,0.057326,3.136278,2.940261
Papua New Guinea,PNG,2024,0,0,52,52,0,0,0,0
Papua New Guinea,PNG,2025,0,0,52,52,0,0,0,0
Poland,POL,2020,1259923,27207,51,51,643.582132,13.897626,4779.8486,98.291725
Poland,POL,2021,2790909,67123,52,52,1398.210263,33.627778,4991.464,93.993256
Poland,POL,2022,2314550,24145,52,52,1159.560402,12.096341,8711.101,85.083694
Poland,POL,2023,266683,1763,53,53,131.083976,0.866576,531.05664,3.67324
Poland,POL,2024,137208,735,52,52,68.739479,0.368226,339.9961,4.975807
Poland,POL,2025,64983,209,52,52,32.555664,0.104706,137.52505,0.521027
Puerto Rico,PRI,2020,82303,1630,51,51,497.932205,9.861481,2047.5339,36.10028
Puerto Rico,PRI,2021,170031,1671,52,52,1008.903181,9.915117,13379.937,27.769447
Puerto Rico,PRI,2022,878705,2240,52,52,5213.921373,13.291359,22390.197,55.538895
Puerto Rico,PRI,2023,121674,397,53,53,708.347937,2.31121,3467.4783,11.416328
Puerto Rico,PRI,2024,0,0,52,52,0,0,0,0
Puerto Rico,PRI,2025,0,0,52,52,0,0,0,0
North Korea,PRK,2020,0,0,51,51,0,0,0,0
North Korea,PRK,2021,0,0,52,52,0,0,0,0
North Korea,PRK,2022,0,0,52,52,0,0,0,0
North Korea,PRK,2023,0,0,53,53,0,0,0,0
North Korea,PRK,2024,0,0,52,52,0,0,0,0
North Korea,PRK,2025,0,0,52,52,0,0,0,0
Portugal,PRT,2020,377474,6695,51,51,710.511515,12.60186,3539.2856,58.461716
Portugal,PRT,2021,905174,12193,52,52,1671.025118,22.509274,7840.5894,193.33644
Portugal,PRT,2022,4267920,6885,52,52,7878.928826,12.710272,38907.855,34.078667
Portugal,PRT,2023,88960,2157,53,53,161.128794,3.906866,415.85574,7.007726
Portugal,PRT,2024,31064,1149,52,52,57.346681,2.121148,258.9019,8.351673
Portugal,PRT,2025,994,544,52,52,1.835005,1.004268,11.999531,3.455865
Paraguay,PRY,2020,103888,2154,51,51,301.313758,6.247399,914.58276,22.927433
Paraguay,PRY,2021,361242,14444,52,52,1027.587118,41.087327,3099.641,140.81882
Paraguay,PRY,2022,256963,3068,52,52,730.955604,8.727217,5427.1455,48.66533
Paraguay,PRY,2023,13666,214,53,53,38.140756,0.597258,598.3321,6.212595
Paraguay,PRY,2024,0,0,52,52,0,0,0,0
Paraguay,PRY,2025,0,0,52,52,0,0,0,0
Palestine,PSE,2020,148540,1406,51,51,548.991255,5.196457,2797.405,32.79755
Palestine,PSE,2021,319903,3494,52,52,1159.597176,12.665191,3300.3008,32.42057
Palestine,PSE,2022,234785,808,52,52,851.058041,2.928871,10941.1875,23.749952
Palestine,PSE,2023,0,0,53,53,0,0,0,0
Palestine,PSE,2024,0,0,52,52,0,0,0,0
Palestine,PSE,2025,0,0,52,52,0,0,0,0
French Polynesia,PYF,2020,16550,108,51,51,1157.35981,7.552559,9747.207,49.93081
French Polynesia,PYF,2021,29832,528,52,52,2046.065853,36.213554,28681.684,456.51025
French Polynesia,PYF,2022,31528,13,52,52,2162.388171,0.891622,25454.014,14.265945
French Polynesia,PYF,2023,1417,0,53,53,95.353041,0,1879.5383,0
French Polynesia,PYF,2024,224,1,52,52,15.363326,0.068586,167.62486,3.566486
French Polynesia,PYF,2025,0,0,52,52,0,0,0,0
Qatar,QAT,2020,142903,244,51,51,968.730349,1.65406,4511.3755,8.297419
Qatar,QAT,2021,104893,370,52,52,697.388687,2.459972,2313.9424,16.249111
Qatar,QAT,2022,240191,71,52,52,1596.927224,0.472049,9769.864,4.148709
Qatar,QAT,2023,26537,5,53,53,173.104235,0.032616,948.6715,0.691451
Qatar,QAT,2024,0,0,52,52,0,0,0,0
Qatar,QAT,2025,0,0,52,52,0,0,0,0
Reunion,REU,2020,8909,46,51,51,200.433341,1.034901,711.382,6.884342
Reunion,REU,2021,62886,359,52,52,1387.592081,7.921406,5229.805,25.242586
Reunion,REU,2022,414864,505,52,52,9154.056441,11.142925,53828.668,43.600834
Reunion,REU,2023,7936,15,53,53,171.805458,0.324733,2414.1091,4.589562
Reunion,REU,2024,0,0,52,52,0,0,0,0
Reunion,REU,2025,0,0,52,52,0,0,0,0
Romania,ROU,2020,613760,15108,51,51,627.883897,15.455666,3110.7476,59.530094
Romania,ROU,2021,1188636,43428,52,52,1192.60457,43.572995,5451.569,164.76428
Romania,ROU,2022,1502652,8805,52,52,1507.66899,8.834398,10903.607,50.08667
Romania,ROU,2023,207545,1373,53,53,204.308924,1.351592,775.3521,4.278236
Romania,ROU,2024,55081,236,52,52,55.264902,0.236788,262.5898,0.939125
Romania,ROU,2025,35666,140,52,52,35.78508,0.140467,230.81607,0.782604
Russia,RUS,2020,3050248,54778,51,51,410.831365,7.377931,1386.6682,26.926796
Russia,RUS,2021,7341772,249440,52,52,969.83123,32.950452,1932.3068,59.822823
Russia,RUS,2022,11372272,89165,52,52,1502.251039,11.778492,9090.4795,43.275208
Russia,RUS,2023,1982260,7976,53,53,256.911393,1.033732,736.1868,2.603382
Russia,RUS,2024,1075274,2676,52,52,142.041227,0.353494,249.03851,1.030362
Russia,RUS,2025,79641,255,52,52,10.520393,0.033685,68.86253,0.29537
Rwanda,RWA,2020,7817,73,51,51,11.228059,0.104855,69.884865,1.025564
Rwanda,RWA,2021,96695,1273,52,52,136.218287,1.793328,736.941,6.519657
Rwanda,RWA,2022,28408,121,52,52,40.019536,0.170458,596.4387,2.197637
Rwanda,RWA,2023,288,1,53,53,0.398063,0.001382,4.32202,0.073255
Rwanda,RWA,2024,58,0,52,52,0.081707,0,0.659291,0
Rwanda,RWA,2025,8,0,52,52,0.01127,0,0.146509,0
Saudi Arabia,SAU,2020,362066,6176,51,51,220.645093,3.76369,961.13947,10.784653
Saudi Arabia,SAU,2021,190340,2694,52,52,113.763626,1.610167,298.64478,3.512005
Saudi Arabia,SAU,2022,274360,638,52,52,163.981238,0.381324,1176.8636,0.621594
Saudi Arabia,SAU,2023,14703,138,53,53,8.621976,0.080924,73.81427,0.404036
Saudi Arabia,SAU,2024,0,0,52,52,0,0,0,0
Saudi Arabia,SAU,2025,0,0,52,52,0,0,0,0
Sudan,SDN,2020,24694,1520,51,51,9.804846,0.603522,39.22375,5.649678
Sudan,SDN,2021,21591,1778,52,52,8.407927,0.692385,29.463375,2.996962
Sudan,SDN,2022,17405,1696,52,52,6.777822,0.660453,75.41004,19.379004
Sudan,SDN,2023,303,52,53,53,0.115767,0.019868,1.437732,0.242997
Sudan,SDN,2024,0,0,52,52,0,0,0,0
Sudan,SDN,2025,0,0,52,52,0,0,0,0
Senegal,SEN,2020,18523,387,51,51,20.5764,0.429902,58.296654,8.384747
Senegal,SEN,2021,55830,1503,52,52,60.826459,1.63751,351.19626,6.798443
Senegal,SEN,2022,14547,78,52,52,15.848872,0.084981,206.61603,1.019767
Senegal,SEN,2023,150,3,53,53,0.160341,0.003207,1.246381,0.169961
Senegal,SEN,2024,270,1,52,52,0.294163,0.001089,1.812918,0.056654
Senegal,SEN,2025,117,0,52,52,0.127471,0,0.793152,0
Singapore,SGP,2020,58519,29,51,51,203.089227,0.100644,1186.0413,0.884973
Singapore,SGP,2021,219245,793,52,52,746.253738,2.699169,4554.0728,16.283508
Singapore,SGP,2022,1916126,889,52,52,6522.00129,3.025928,22698.148,12.566621
Singapore,SGP,2023,731177,243,53,53,2441.781592,0.811504,10318.789,9.557712
Singapore,SGP,2024,81640,70,52,52,277.881618,0.238262,3752.2869,12.389627
Singapore,SGP,2025,0,0,52,52,0,0,0,0
Saint Helena,SHN,2020,0,0,51,51,0,0,0,0
Saint Helena,SHN,2021,0,0,52,52,0,0,0,0
Saint Helena,SHN,2022,2166,0,52,52,7758.212884,0,241758.23,0
Saint Helena,SHN,2023,0,0,53,53,0,0,0,0
Saint Helena,SHN,2024,0,0,52,52,0,0,0,0
Saint Helena,SHN,2025,0,0,52,52,0,0,0,0
Solomon Islands,SLB,2020,17,0,51,51,0.426762,0,6.401434,0
Solomon Islands,SLB,2021,5,0,52,52,0.123105,0,2.560574,0
Solomon Islands,SLB,2022,21589,153,52,52,531.540599,3.766998,3921.5183,32.007168
Solomon Islands,SLB,2023,4343,46,53,53,104.911049,1.111192,5560.2856,58.893192
Solomon Islands,SLB,2024,0,0,52,52,0,0,0,0
Solomon Islands,SLB,2025,0,0,52,52,0,0,0,0
Sierra Leone,SLE,2020,2549,76,51,51,6.038606,0.180045,27.909307,1.329015
Sierra Leone,SLE,2021,4110,47,52,52,9.549388,0.109202,72.97498,1.329015
Sierra Leone,SLE,2022,1101,3,52,52,2.558121,0.00697,54.972878,0.241639
Sierra Leone,SLE,2023,19,0,53,53,0.043313,0,0.966556,0
Sierra Leone,SLE,2024,206,0,52,52,0.478631,0,3.020488,0
Sierra Leone,SLE,2025,0,0,52,52,0,0,0,0
El Salvador,SLV,2020,44619,1297,51,51,139.305466,4.049378,466.21857,12.26053
El Salvador,SLV,2021,77122,2521,52,52,236.152987,7.719479,633.2484,16.878132
El Salvador,SLV,2022,80044,412,52,52,245.100359,1.261573,2018.529,8.916749
El Salvador,SLV,2023,51,0,53,53,0.153219,0,0.955366,0
El Salvador,SLV,2024,131,0,52,52,0.401131,0,1.751504,0
El Salvador,SLV,2025,99,0,52,52,0.303145,0,1.433049,0
San Marino,SMR,2020,2293,57,51,51,1317.995617,32.763083,5950.8105,439.71506
San Marino,SMR,2021,5348,41,52,52,3014.866875,23.113228,16386.715,146.57169
San Marino,SMR,2022,15366,23,52,52,8662.386725,12.965957,34854.746,117.25735
San Marino,SMR,2023,2285,5,53,53,1263.835127,2.765503,7709.671,29.314337
San Marino,SMR,2024,0,0,52,52,0,0,0,0
San Marino,SMR,2025,0,0,52,52,0,0,0,0
Somalia,SOM,2020,4690,127,51,51,5.165786,0.139884,20.952826,0.954955
Somalia,SOM,2021,18842,1206,52,52,20.354358,1.3028,61.903522,4.830946
Somalia,SOM,2022,3768,28,52,52,4.07044,0.030247,59.881264,0.617912
Somalia,SOM,2023,34,0,53,53,0.036036,0,0.561738,0
Somalia,SOM,2024,0,0,52,52,0,0,0,0
Somalia,SOM,2025,0,0,52,52,0,0,0,0
Saint Pierre and Miquelon,SPM,2020,16,0,51,51,54.466232,0,694.44446,0
Saint Pierre and Miquelon,SPM,2021,82,0,52,52,273.771363,0,5381.9443,0
Saint Pierre and Miquelon,SPM,2022,3250,2,52,52,10850.69438,6.67735,100173.61,173.61111
Saint Pierre and Miquelon,SPM,2023,78,0,53,53,255.503145,0,4861.1113,0
Saint Pierre and Miquelon,SPM,2024,0,0,52,52,0,0,0,0
Saint Pierre and Miquelon,SPM,2025,0,0,52,52,0,0,0,0
Serbia,SRB,2020,323367,2983,51,51,933.636957,8.612626,7481.43,59.930367
Serbia,SRB,2021,966126,9585,52,52,2735.791186,27.141966,7361.717,65.67308
Serbia,SRB,2022,1150237,4927,52,52,3257.1406,13.951848,17162.172,64.49509
Serbia,SRB,2023,128232,562,53,53,356.264926,1.561396,960.5056,7.215204
Serbia,SRB,2024,0,0,52,52,0,0,0,0
Serbia,SRB,2025,41,0,52,52,0.1161,0,0.736245,0
South Sudan,SSD,2020,3505,63,51,51,6.235768,0.112084,44.64134,0.725875
South Sudan,SSD,2021,11305,72,52,52,19.726014,0.125632,122.76368,1.088813
South Sudan,SSD,2022,3558,3,52,52,6.208329,0.005235,75.128105,0.090734
South Sudan,SSD,2023,451,9,53,53,0.772099,0.015408,12.430616,0.81661
South Sudan,SSD,2024,41,0,52,52,0.071541,0,0.635141,0
South Sudan,SSD,2025,13,0,52,52,0.022684,0,0.635141,0
Sao Tome and Principe,STP,2020,1014,17,51,51,87.85334,1.472886,835.1266,22.093296
Sao Tome and Principe,STP,2021,2730,40,52,52,231.979603,3.398969,1316.7604,30.930614
Sao Tome and Principe,STP,2022,2535,20,52,52,215.409635,1.699484,3676.3245,26.511955
Sao Tome and Principe,STP,2023,457,3,53,53,38.100513,0.250113,388.842,4.418659
Sao Tome and Principe,STP,2024,35,0,52,52,2.974098,0,57.44257,0
Sao Tome and Principe,STP,2025,0,0,52,52,0,0,0,0
Suriname,SUR,2020,5880,119,51,51,185.011709,3.744285,1018.9803,28.884481
Suriname,SUR,2021,45683,1067,52,52,1409.754028,32.927074,5879.5967,96.2816
Suriname,SUR,2022,30018,207,52,52,926.340134,6.387914,10496.3,41.722027
Suriname,SUR,2023,914,11,53,53,27.673392,0.33305,704.4604,8.023467
Suriname,SUR,2024,11,2,52,52,0.339454,0.061719,3.209387,1.604693
Suriname,SUR,2025,10,0,52,52,0.308595,0,3.209387,0
Slovakia,SVK,2020,167523,1773,51,51,600.154879,6.351812,3353.0688,69.42928
Slovakia,SVK,2021,658106,14625,52,52,2312.33944,51.386805,11239.139,126.43438
Slovakia,SVK,2022,1033058,4405,52,52,3629.781152,15.47753,22667.93,62.669064
Slovakia,SVK,2023,16842,435,53,53,58.059978,1.49959,240.62727,5.846676
Slovakia,SVK,2024,10065,109,52,52,35.364662,0.382985,180.33342,2.192504
Slovakia,SVK,2025,3643,32,52,52,12.800145,0.112436,64.31344,0.913543
Slovenia,SVN,2020,115411,2881,51,51,1069.840975,26.706396,5723.252,190.99568
Slovenia,SVN,2021,341431,3208,52,52,3104.143578,29.165755,10728.852,117.24488
Slovenia,SVN,2022,843961,2712,52,52,7672.92991,24.656336,46721.137,87.4609
Slovenia,SVN,2023,53614,889,53,53,478.238504,7.929907,3639.3188,33.566074
Slovenia,SVN,2024,7779,224,52,52,70.723318,2.036511,224.089,21.747034
Slovenia,SVN,2025,4285,0,52,52,38.957374,0,141.82848,0
Sweden,SWE,2020,418129,9323,51,51,781.762748,17.430922,4336.85,63.600525
Sweden,SWE,2021,868479,5979,52,52,1592.541781,10.963774,3983.567,64.74476
Sweden,SWE,2022,1385273,6701,52,52,2540.194003,12.287715,26797.848,35.56671
Sweden,SWE,2023,74736,4683,53,53,134.458679,8.425257,876.9625,38.427303
Sweden,SWE,2024,24487,1681,52,52,44.902146,3.082473,122.433395,12.395905
Sweden,SWE,2025,11893,794,52,52,21.808356,1.455969,65.79365,5.625833
Eswatini,SWZ,2020,8365,163,51,51,134.561311,2.622056,869.6216,21.330341
Eswatini,SWZ,2021,56016,1109,52,52,883.757662,17.496559,6185.799,85.321365
Eswatini,SWZ,2022,9640,150,52,52,152.089113,2.366532,1525.9397,29.534317
Eswatini,SWZ,2023,1170,5,53,53,18.110667,0.077396,161.61835,1.640796
Eswatini,SWZ,2024,165,0,52,52,2.603185,0,14.767159,0
Eswatini,SWZ,2025,0,0,52,52,0,0,0,0
Sint Maarten (Dutch part),SXM,2020,1371,26,51,51,637.581604,12.091263,2276.878,166.02234
Sint Maarten (Dutch part),SXM,2021,3378,49,52,52,1540.723813,22.349162,5644.76,213.45729
Sint Maarten (Dutch part),SXM,2022,6240,14,52,52,2846.097284,6.385475,50684.25,94.86991
Sint Maarten (Dutch part),SXM,2023,63,3,53,53,28.192473,1.342499,498.06702,47.434956
Sint Maarten (Dutch part),SXM,2024,0,0,52,52,0,0,0,0
Sint Maarten (Dutch part),SXM,2025,0,0,52,52,0,0,0,0
Seychelles,SYC,2020,211,0,51,51,32.957509,0,557.6223,0
Seychelles,SYC,2021,24170,126,52,52,3702.67329,19.302311,16752.566,87.62636
Seychelles,SYC,2022,25974,46,52,52,3979.033426,7.046875,31354.305,95.59239
Seychelles,SYC,2023,865,0,53,53,130.011669,0,2469.4702,0
Seychelles,SYC,2024,679,0,52,52,104.018005,0,1003.72015,0
Seychelles,SYC,2025,0,0,52,52,0,0,0,0
Syria,SYR,2020,10932,669,51,51,9.542842,0.583988,44.91997,4.229333
Syria,SYR,2021,39119,2202,52,52,33.491353,1.885221,112.05507,4.496449
Syria,SYR,2022,7372,292,52,52,6.311466,0.249993,40.111885,1.335579
Syria,SYR,2023,0,0,53,53,0,0,0,0
Syria,SYR,2024,0,0,52,52,0,0,0,0
Syria,SYR,2025,0,0,52,52,0,0,0,0
Turks and Caicos Islands,TCA,2020,844,6,51,51,360.788759,2.564849,3117.574,43.602432
Turks and Caicos Islands,TCA,2021,2391,20,52,52,1002.436709,8.385083,4687.2617,65.40365
Turks and Caicos Islands,TCA,2022,3244,10,52,52,1360.060523,4.192542,23458.11,87.204865
Turks and Caicos Islands,TCA,2023,231,4,53,53,95.020397,1.645375,937.45233,43.602432
Turks and Caicos Islands,TCA,2024,123,0,52,52,51.568262,0,414.2231,0
Turks and Caicos Islands,TCA,2025,98,1,52,52,41.086908,0.419254,1177.2657,21.801216
Chad,TCD,2020,1986,104,51,51,2.110025,0.110495,11.107909,1.137883
Chad,TCD,2021,3715,77,52,52,3.871096,0.080235,32.294212,0.704404
Chad,TCD,2022,1948,13,52,52,2.029851,0.013546,26.117132,0.270925
Chad,TCD,2023,49,0,53,53,0.050096,0,0.758589,0
Chad,TCD,2024,4,0,52,52,0.004168,0,0.21674,0
Chad,TCD,2025,0,0,52,52,0,0,0,0
Togo,TGO,2020,3555,68,51,51,8.639137,0.165249,22.060785,0.619685
Togo,TGO,2021,24437,178,52,52,58.243236,0.424246,203.87636,1.735118
Togo,TGO,2022,11349,44,52,52,27.049249,0.10487,393.25208,0.991496
Togo,TGO,2023,186,0,53,53,0.434949,0,2.47874,0
Togo,TGO,2024,10,0,52,52,0.023834,0,0.247874,0
Togo,TGO,2025,16,0,52,52,0.038134,0,0.619685,0
Thailand,THA,2020,6141,120,51,50,1.678556,0.033456,17.202126,0.836408
Thailand,THA,2021,2203829,21520,52,52,590.801387,5.769071,2100.1091,25.412865
Thailand,THA,2022,2511838,12014,52,52,673.372289,3.220707,2544.2139,12.44854
Thailand,THA,2023,40567,923,53,53,10.669989,0.242769,43.005314,1.04551
Thailand,THA,2024,46079,224,52,52,12.352835,0.06005,45.389076,0.223042
Thailand,THA,2025,616160,257,52,52,165.179867,0.068896,1556.9457,0.794588
Tajikistan,TJK,2020,13555,90,51,51,26.102766,0.173312,139.06583,1.964207
Tajikistan,TJK,2021,3938,35,52,52,7.437544,0.066103,53.62284,0.982103
Tajikistan,TJK,2022,293,0,52,52,0.553377,0,14.044078,0
Tajikistan,TJK,2023,0,0,53,53,0,0,0,0
Tajikistan,TJK,2024,0,0,52,52,0,0,0,0
Tajikistan,TJK,2025,0,0,52,52,0,0,0,0
Tokelau,TKL,2020,0,0,51,51,0,0,0,0
Tokelau,TKL,2021,0,0,52,52,0,0,0,0
Tokelau,TKL,2022,5,0,52,52,41.589031,0,2162.6296,0
Tokelau,TKL,2023,75,0,53,53,612.065026,0,16868.512,0
Tokelau,TKL,2024,0,0,52,52,0,0,0,0
Tokelau,TKL,2025,0,0,52,52,0,0,0,0
Turkmenistan,TKM,2020,0,0,51,51,0,0,0,0
Turkmenistan,TKM,2021,0,0,52,52,0,0,0,0
Turkmenistan,TKM,2022,0,0,52,52,0,0,0,0
Turkmenistan,TKM,2023,0,0,53,53,0,0,0,0
Turkmenistan,TKM,2024,0,0,52,52,0,0,0,0
Turkmenistan,TKM,2025,0,0,52,52,0,0,0,0
East Timor,TLS,2020,41,0,51,51,0.587105,0,12.415112,0
East Timor,TLS,2021,19792,122,52,52,277.963678,1.713398,1596.4373,13.145412
East Timor,TLS,2022,3555,16,52,52,49.927288,0.224708,896.80927,2.190902
East Timor,TLS,2023,72,0,53,53,0.992107,0,8.033308,0
East Timor,TLS,2024,0,0,52,52,0,0,0,0
East Timor,TLS,2025,0,0,52,52,0,0,0,0
Tonga,TON,2020,0,0,51,51,0,0,0,0
Tonga,TON,2021,1,0,52,52,0.183058,0,9.519005,0
Tonga,TON,2022,16411,12,52,52,3004.161266,2.196693,20684.797,66.63303
Tonga,TON,2023,537,0,53,53,96.447275,0,980.45746,0
Tonga,TON,2024,43,1,52,52,7.871485,0.183058,123.74706,9.519005
Tonga,TON,2025,0,0,52,52,0,0,0,0
Trinidad and Tobago,TTO,2020,7097,125,51,51,93.02408,1.63844,566.2056,12.032705
Trinidad and Tobago,TTO,2021,81847,2593,52,52,1052.18034,33.334192,3714.095,133.02824
Trinidad and Tobago,TTO,2022,96938,1559,52,52,1246.181995,20.041653,4137.245,118.99008
Trinidad and Tobago,TTO,2023,5614,113,53,53,70.808812,1.425258,415.7968,8.690287
Trinidad and Tobago,TTO,2024,0,0,52,52,0,0,0,0
Trinidad and Tobago,TTO,2025,0,0,52,52,0,0,0,0
Tunisia,TUN,2020,130230,4426,51,51,210.698753,7.160813,914.1588,43.814274
Tunisia,TUN,2021,592565,21097,52,52,940.272538,33.476378,4296.9346,103.80105
Tunisia,TUN,2022,424682,3756,52,52,673.878514,5.95996,5447.0796,37.37828
Tunisia,TUN,2023,5884,144,53,53,9.160473,0.224186,203.724,1.155179
Tunisia,TUN,2024,0,0,52,52,0,0,0,0
Tunisia,TUN,2025,0,0,52,52,0,0,0,0
Turkey,TUR,2020,2133373,19624,51,51,480.491372,4.419838,2521.8225,20.365623
Turkey,TUR,2021,7153613,61679,52,52,1580.196412,13.624575,4759.009,28.635927
Turkey,TUR,2022,7717691,20116,52,52,1704.798367,4.443521,8179.457,22.008198
Turkey,TUR,2023,10,0,53,53,0.002167,0,0.03446,0
Turkey,TUR,2024,25,0,52,52,0.005523,0,0.03446,0
Turkey,TUR,2025,13,0,52,52,0.002872,0,0.03446,0
Tuvalu,TUV,2020,0,0,51,51,0,0,0,0
Tuvalu,TUV,2021,0,0,52,52,0,0,0,0
Tuvalu,TUV,2022,2779,0,52,52,5337.825393,0,109468.64,0
Tuvalu,TUV,2023,164,1,53,53,309.063081,1.884531,16180.583,99.88014
Tuvalu,TUV,2024,0,0,52,52,0,0,0,0
Tuvalu,TUV,2025,0,0,52,52,0,0,0,0
Tanzania,TZA,2020,509,21,51,51,0.154228,0.006363,2.781563,0.123625
Tanzania,TZA,2021,28797,716,52,52,8.557764,0.212778,318.4426,8.545579
Tanzania,TZA,2022,13045,108,52,52,3.876655,0.032095,19.440033,0.571766
Tanzania,TZA,2023,872,1,53,53,0.254248,0.000292,1.097172,0.015453
Tanzania,TZA,2024,143,0,52,52,0.042496,0,0.355422,0
Tanzania,TZA,2025,240,0,52,52,0.071322,0,0.540859,0
Uganda,UGA,2020,33815,298,51,51,14.013974,0.1235,106.39845,0.570671
Uganda,UGA,2021,101276,2982,52,52,41.164732,1.212066,457.65707,21.347326
Uganda,UGA,2022,34871,350,52,52,14.173697,0.142261,231.20633,1.41611
Uganda,UGA,2023,1998,2,53,53,0.796786,0.000798,11.603645,0.042272
Uganda,UGA,2024,273,0,52,52,0.110964,0,1.331566,0
Uganda,UGA,2025,61,0,52,52,0.024794,0,0.190224,0
Ukraine,UKR,2020,988108,15278,51,51,471.991426,7.297871,2327.8408,39.465252
Ukraine,UKR,2021,2617976,77255,52,52,1226.484862,36.192879,3709.3196,111.842575
Ukraine,UKR,2022,1709592,15716,52,52,800.919764,7.362725,5918.375,41.292347
Ukraine,UKR,2023,210004,1669,53,53,96.527613,0.76715,486.6163,2.996436
Ukraine,UKR,2024,15968,7,52,52,7.480783,0.003279,44.55676,0.073084
Ukraine,UKR,2025,13051,11,52,52,6.11421,0.005153,45.287594,0.048723
Uruguay,URY,2020,15877,143,51,51,91.808234,0.826893,1149.543,10.026798
Uruguay,URY,2021,390891,6020,52,52,2216.84681,34.141021,7779.026,129.46365
Uruguay,URY,2022,605249,1400,52,52,3432.528041,7.939772,23123.861,57.506638
Uruguay,URY,2023,25905,63,53,53,144.142179,0.350548,2410.2654,4.718493
Uruguay,URY,2024,4618,68,52,52,26.189906,0.385646,92.30553,1.769435
Uruguay,URY,2025,679,3,52,52,3.850789,0.017014,15.040197,0.294906
United States,USA,2020,18890446,342920,51,51,1084.521187,19.687413,4444.4414,55.239002
United States,USA,2021,32988414,469667,52,52,1857.479794,26.445556,4881.3613,68.25674
United States,USA,2022,47140633,269826,52,52,2654.349259,15.193102,16545.738,54.618275
United States,USA,2023,4417336,84523,20,53,646.690441,4.669443,1381.1625,12.903545
United States,USA,2024,,47494,0,52,,2.674246,,7.592216
United States,USA,2025,,20844,0,52,,1.173664,,3.077292
Uzbekistan,UZB,2020,9,0,51,51,0.005051,0,0.143107,0
Uzbekistan,UZB,2021,116776,860,52,52,64.274746,0.473353,183.5201,1.373825
Uzbekistan,UZB,2022,50507,156,52,52,27.799587,0.085864,255.90349,0.686912
Uzbekistan,UZB,2023,7789,0,53,53,4.206258,0,11.563025,0
Uzbekistan,UZB,2024,1,0,52,52,0.00055,0,0.028621,0
Uzbekistan,UZB,2025,76,0,52,52,0.041831,0,0.457942,0
Vatican,VAT,2020,26,0,51,51,993.769849,0,27290.45,0
Vatican,VAT,2021,0,0,52,52,0,0,0,0
Vatican,VAT,2022,0,0,52,52,0,0,0,0
Vatican,VAT,2023,0,0,53,53,0,0,0,0
Vatican,VAT,2024,0,0,52,52,0,0,0,0
Vatican,VAT,2025,0,0,52,52,0,0,0,0
Saint Vincent and the Grenadines,VCT,2020,108,0,51,51,20.74843,0,166.56378,0
Saint Vincent and the Grenadines,VCT,2021,5735,81,52,52,1080.592003,15.262067,5996.2964,137.17018
Saint Vincent and the Grenadines,VCT,2022,3875,37,52,52,730.129737,6.971561,7446.3813,68.58509
Saint Vincent and the Grenadines,VCT,2023,153,6,53,53,28.284417,1.109193,244.94675,19.59574
Saint Vincent and the Grenadines,VCT,2024,0,0,52,52,0,0,0,0
Saint Vincent and the Grenadines,VCT,2025,0,0,52,52,0,0,0,0
Venezuela,VEN,2020,111603,1010,51,51,77.563284,0.701943,272.56924,2.197567
Venezuela,VEN,2021,331396,4302,52,52,225.888654,2.932362,371.74332,4.926804
Venezuela,VEN,2022,106845,518,52,52,72.828499,0.353083,484.4218,2.197567
Venezuela,VEN,2023,2851,26,53,53,1.906654,0.017388,24.031462,0.212668
Venezuela,VEN,2024,0,0,52,52,0,0,0,0
Venezuela,VEN,2025,48,0,52,52,0.032718,0,0.354446,0
British Virgin Islands,VGB,2020,93,1,51,51,47.554618,0.51134,730.1935,26.078339
British Virgin Islands,VGB,2021,2978,38,52,52,1493.486424,19.057247,22870.703,339.0184
British Virgin Islands,VGB,2022,4234,25,52,52,2123.378591,12.537663,27330.1,260.7834
British Virgin Islands,VGB,2023,115,0,53,53,56.585075,0,339.0184,0
British Virgin Islands,VGB,2024,223,0,52,52,111.835954,0,651.9585,0
British Virgin Islands,VGB,2025,18,0,52,52,9.027117,0,78.235016,0
United States Virgin Islands,VIR,2020,1982,23,50,51,458.154665,5.212381,2380.9248,46.231552
United States Virgin Islands,VIR,2021,6028,65,52,52,1339.8259,14.44736,4241.7446,92.463104
United States Virgin Islands,VIR,2022,15727,39,52,52,3495.594211,8.668416,24260.006,46.231552
United States Virgin Islands,VIR,2023,1655,5,53,53,360.911402,1.090367,2739.2195,11.557888
United States Virgin Islands,VIR,2024,0,0,52,52,0,0,0,0
United States Virgin Islands,VIR,2025,0,0,52,52,0,0,0,0
Vietnam,VNM,2020,1440,35,51,51,0.283257,0.006885,2.227112,0.130416
Vietnam,VNM,2021,1650233,31179,52,52,318.369192,6.015171,1278.3523,25.110188
Vietnam,VNM,2022,9872529,11970,52,52,1904.645646,2.309298,18513.121,16.221804
Vietnam,VNM,2023,99822,22,53,53,18.894678,0.004164,168.55827,0.05016
Vietnam,VNM,2024,0,0,52,52,0,0,0,0
Vietnam,VNM,2025,0,0,52,52,0,0,0,0
Vanuatu,VUT,2020,1,0,51,51,0.062633,0,3.194266,0
Vanuatu,VUT,2021,6,0,52,52,0.368569,0,6.388531,0
Vanuatu,VUT,2022,12006,14,52,52,737.506798,0.859995,5082.0767,19.165594
Vanuatu,VUT,2023,6,0,53,53,0.361615,0,9.582797,0
Vanuatu,VUT,2024,0,0,52,52,0,0,0,0
Vanuatu,VUT,2025,0,0,52,52,0,0,0,0
Wallis and Futuna,WLF,2020,4,0,51,51,6.819526,0,86.94896,0
Wallis and Futuna,WLF,2021,449,7,52,52,750.770812,11.704667,14433.527,608.6427
Wallis and Futuna,WLF,2022,2962,0,52,52,4952.746709,0,230762.55,0
Wallis and Futuna,WLF,2023,135,1,53,53,221.473768,1.640546,7042.8657,86.94896
Wallis and Futuna,WLF,2024,210,1,52,52,351.140019,1.672095,18259.281,86.94896
Wallis and Futuna,WLF,2025,0,0,52,52,0,0,0,0
Samoa,WSM,2020,1,0,51,51,0.091085,0,4.645329,0
Samoa,WSM,2021,1,0,52,52,0.089333,0,4.645329,0
Samoa,WSM,2022,16268,29,52,52,1453.273333,2.590664,14363.357,27.871975
Samoa,WSM,2023,712,2,53,53,62.405177,0.175295,1142.751,9.290658
Samoa,WSM,2024,95,0,52,52,8.486659,0,343.75436,0
Samoa,WSM,2025,0,0,52,52,0,0,0,0
Yemen,YEM,2020,2096,607,51,51,1.075221,0.311383,5.834202,2.45926
Yemen,YEM,2021,8015,1376,52,52,4.032522,0.692296,19.046185,2.616234
Yemen,YEM,2022,1834,176,52,52,0.922726,0.088549,10.857372,1.988338
Yemen,YEM,2023,0,0,53,53,0,0,0,0
Yemen,YEM,2024,0,0,52,52,0,0,0,0
Yemen,YEM,2025,0,0,52,52,0,0,0,0
South Africa,ZAF,2020,994911,26521,51,51,312.737317,8.336531,1389.8236,32.97615
South Africa,ZAF,2021,2413026,64252,52,52,743.916698,19.80838,2612.875,64.55759
South Africa,ZAF,2022,640295,11795,52,52,197.397849,3.636304,964.1476,26.162895
South Africa,ZAF,2023,24404,27,53,53,7.381605,0.008167,66.76989,0.432842
South Africa,ZAF,2024,227,0,52,52,0.069982,0,0.208405,0
South Africa,ZAF,2025,297,0,52,52,0.091563,0,0.288561,0
Zambia,ZMB,2020,19671,382,51,51,19.138943,0.371668,94.27907,3.076475
Zambia,ZMB,2021,211910,3315,52,52,202.213341,3.163311,945.6687,21.336842
Zambia,ZMB,2022,102485,325,52,52,97.795454,0.310129,1308.3455,2.877993
Zambia,ZMB,2023,15238,47,53,53,14.26638,0.044003,102.317604,0.496206
Zambia,ZMB,2024,588,9,52,52,0.561094,0.008588,4.962056,0.396965
Zambia,ZMB,2025,0,0,52,52,0,0,0,0
Zimbabwe,ZWE,2020,12963,341,51,51,15.817755,0.416096,76.23345,2.67595
Zimbabwe,ZWE,2021,190783,4544,52,52,228.320987,5.438066,1659.7734,29.99553
Zimbabwe,ZWE,2022,56198,750,52,52,67.255378,0.897568,651.4382,8.214543
Zimbabwe,ZWE,2023,6128,96,52,53,7.33373,0.112721,68.70345,0.809008
Zimbabwe,ZWE,2024,330,9,52,52,0.39493,0.010771,5.289668,0.186694
Zimbabwe,ZWE,2025,35,0,52,52,0.041887,0,0.311157,0
